검색시각,일정타입,출발지,출국일,귀국일,가는편항공사,가는편출발,가는편도착,가는편소요,오는편항공사,오는편출발,오는편도착,오는편소요,총가격KRW,1인가격KRW
2026-07-04 14:44:21,2박3일,PUS,2027-01-25,2027-01-27,,,,,,,,,2172800,543200
2026-07-04 14:44:21,2박3일,PUS,2027-01-26,2027-01-28,,,,,,,,,2112800,528200
2026-07-04 14:44:21,3박4일,PUS,2027-01-27,2027-01-30,,,,,,,,,2171200,542800
2026-07-04 14:44:21,3박4일,PUS,2027-01-28,2027-01-31,,,,,,,,,2212800,553200
2026-07-04 14:44:21,2박3일,PUS,2027-01-29,2027-01-31,,,,,,,,,2272800,568200
2026-07-04 14:44:21,2박3일,PUS,2027-01-30,2027-02-01,,,,,,,,,2171200,542800
2026-07-04 14:44:21,3박4일,PUS,2027-01-30,2027-02-02,,,,,,,,,2171200,542800
2026-07-04 14:44:21,2박3일,PUS,2027-01-31,2027-02-02,,,,,,,,,2232800,558200
2026-07-04 14:44:21,2박3일,PUS,2027-02-01,2027-02-03,,,,,,,,,2232800,558200
2026-07-04 14:44:21,2박3일,PUS,2027-02-02,2027-02-04,,,,,,,,,2172800,543200
2026-07-04 14:44:21,3박4일,PUS,2027-02-02,2027-02-05,,,,,,,,,2311200,577800
2026-07-04 14:44:21,2박3일,PUS,2027-02-03,2027-02-05,,,,,,,,,2171200,542800
2026-07-04 14:44:21,3박4일,PUS,2027-02-04,2027-02-07,,,,,,,,,2731200,682800
2026-07-04 14:44:21,2박3일,PUS,2027-02-05,2027-02-07,,,,,,,,,2851600,712900
2026-07-04 14:44:21,3박4일,PUS,2027-02-05,2027-02-08,,,,,,,,,3132800,783200
2026-07-04 14:44:21,2박3일,PUS,2027-02-07,2027-02-09,,,,,,,,,3132800,783200
2026-07-04 14:44:21,2박3일,PUS,2027-02-08,2027-02-10,,,,,,,,,2671200,667800
2026-07-04 14:44:21,3박4일,PUS,2027-02-08,2027-02-11,,,,,,,,,2611200,652800
2026-07-04 14:44:21,3박4일,PUS,2027-02-09,2027-02-12,,,,,,,,,2391200,597800
2026-07-04 14:44:21,2박3일,PUS,2027-02-10,2027-02-12,,,,,,,,,2391200,597800
2026-07-04 14:44:21,3박4일,PUS,2027-02-10,2027-02-13,,,,,,,,,2731600,682900
2026-07-04 14:44:21,2박3일,PUS,2027-02-11,2027-02-13,,,,,,,,,2432800,608200
2026-07-04 14:44:21,3박4일,PUS,2027-02-11,2027-02-14,,,,,,,,,2552800,638200
2026-07-04 14:44:21,2박3일,PUS,2027-02-12,2027-02-14,,,,,,,,,2552800,638200
2026-07-04 14:44:21,2박3일,PUS,2027-02-13,2027-02-15,,,,,,,,,2511200,627800
2026-07-04 14:44:21,3박4일,PUS,2027-02-13,2027-02-16,,,,,,,,,2511200,627800
2026-07-04 14:44:21,3박4일,PUS,2027-02-14,2027-02-17,,,,,,,,,2511200,627800
2026-07-04 14:44:21,2박3일,PUS,2027-02-15,2027-02-17,,,,,,,,,2431200,607800
2026-07-04 14:44:21,3박4일,PUS,2027-02-16,2027-02-19,,,,,,,,,2171200,542800
2026-07-04 14:44:21,2박3일,PUS,2027-02-17,2027-02-19,,,,,,,,,2171200,542800
2026-07-04 14:44:21,3박4일,PUS,2027-02-17,2027-02-20,,,,,,,,,2551200,637800
2026-07-04 14:44:21,2박3일,PUS,2027-02-19,2027-02-21,,,,,,,,,2552000,638000
2026-07-04 14:44:21,3박4일,PUS,2027-02-20,2027-02-23,,,,,,,,,2172000,543000
2026-07-04 14:59:21,2박3일,PUS,2027-01-26,2027-01-28,,,,,,,,,2112800,528200
2026-07-04 14:59:21,2박3일,PUS,2027-01-27,2027-01-29,,,,,,,,,2171200,542800
2026-07-04 14:59:21,3박4일,PUS,2027-01-27,2027-01-30,,,,,,,,,2171200,542800
2026-07-04 14:59:21,3박4일,PUS,2027-01-29,2027-02-01,,,,,,,,,2171200,542800
2026-07-04 14:59:21,3박4일,PUS,2027-02-01,2027-02-04,,,,,,,,,2232800,558200
2026-07-04 14:59:21,3박4일,PUS,2027-02-02,2027-02-05,,,,,,,,,2311200,577800
2026-07-04 14:59:21,3박4일,PUS,2027-02-03,2027-02-06,,,,,,,,,2171200,542800
2026-07-04 14:59:21,2박3일,PUS,2027-02-04,2027-02-06,,,,,,,,,2571200,642800
2026-07-04 14:59:21,3박4일,PUS,2027-02-04,2027-02-07,,,,,,,,,2731200,682800
2026-07-04 14:59:21,2박3일,PUS,2027-02-05,2027-02-07,,,,,,,,,2851600,712900
2026-07-04 14:59:21,3박4일,PUS,2027-02-05,2027-02-08,,,,,,,,,3132800,783200
2026-07-04 14:59:21,3박4일,PUS,2027-02-06,2027-02-09,,,,,,,,,3132800,783200
2026-07-04 14:59:21,3박4일,PUS,2027-02-07,2027-02-10,,,,,,,,,3051600,762900
2026-07-04 14:59:21,3박4일,PUS,2027-02-08,2027-02-11,,,,,,,,,2611200,652800
2026-07-04 14:59:21,3박4일,PUS,2027-02-09,2027-02-12,,,,,,,,,2391200,597800
2026-07-04 14:59:21,3박4일,PUS,2027-02-10,2027-02-13,,,,,,,,,2731600,682900
2026-07-04 14:59:21,2박3일,PUS,2027-02-12,2027-02-14,,,,,,,,,2552800,638200
2026-07-04 14:59:21,3박4일,PUS,2027-02-12,2027-02-15,,,,,,,,,2171200,542800
2026-07-04 14:59:21,2박3일,PUS,2027-02-13,2027-02-15,,,,,,,,,2511200,627800
2026-07-04 14:59:21,3박4일,PUS,2027-02-13,2027-02-16,,,,,,,,,2511200,627800
2026-07-04 14:59:21,3박4일,PUS,2027-02-14,2027-02-17,,,,,,,,,2511200,627800
2026-07-04 14:59:21,2박3일,PUS,2027-02-16,2027-02-18,,,,,,,,,2171200,542800
2026-07-04 14:59:21,2박3일,PUS,2027-02-17,2027-02-19,,,,,,,,,2171200,542800
2026-07-04 14:59:21,2박3일,PUS,2027-02-18,2027-02-20,,,,,,,,,2551200,637800
2026-07-04 14:59:21,2박3일,PUS,2027-02-19,2027-02-21,,,,,,,,,2552000,638000
2026-07-04 14:59:21,3박4일,PUS,2027-02-19,2027-02-22,,,,,,,,,2172000,543000
2026-07-04 14:59:21,2박3일,PUS,2027-02-20,2027-02-22,,,,,,,,,2172000,543000
2026-07-04 14:59:21,2박3일,PUS,2027-02-21,2027-02-23,,,,,,,,,2230800,557700
2026-07-04 15:10:27,3박4일,PUS,2027-01-31,2027-02-03,,오전 9:30,오후 12:00,,,,,,2232800,558200
2026-07-04 15:10:27,2박3일,PUS,2027-02-01,2027-02-03,,오전 9:30,오후 12:00,,,,,,2232800,558200
2026-07-04 15:10:27,3박4일,PUS,2027-02-02,2027-02-05,,오후 4:20,오후 6:30,,,,,,2311200,577800
2026-07-04 15:10:27,3박4일,PUS,2027-02-03,2027-02-06,,오후 4:20,오후 6:30,,,,,,2171200,542800
2026-07-04 15:10:27,3박4일,PUS,2027-02-04,2027-02-07,,오전 9:25,오전 11:35,,,,,,2731200,682800
2026-07-04 15:10:27,3박4일,PUS,2027-02-05,2027-02-08,,오전 9:30,오후 12:00,,,,,,3132800,783200
2026-07-04 15:10:27,3박4일,PUS,2027-02-07,2027-02-10,,오전 9:25,오전 11:35,,,,,,3051600,762900
2026-07-04 15:10:27,3박4일,PUS,2027-02-09,2027-02-12,,오후 4:20,오후 6:30,,,,,,2391200,597800
2026-07-04 15:10:27,3박4일,PUS,2027-02-10,2027-02-13,,오후 4:20,오후 6:30,,,,,,2731600,682900
2026-07-04 15:10:27,2박3일,PUS,2027-02-11,2027-02-13,,오전 9:30,오후 12:00,,,,,,2432800,608200
2026-07-04 15:10:27,2박3일,PUS,2027-02-12,2027-02-14,,오전 9:30,오후 12:00,,,,,,2552800,638200
2026-07-04 15:10:27,3박4일,PUS,2027-02-13,2027-02-16,,오전 9:25,오전 11:35,,,,,,2511200,627800
2026-07-04 15:10:27,2박3일,PUS,2027-02-14,2027-02-16,,오전 9:25,오전 11:35,,,,,,2511200,627800
2026-07-04 15:10:27,2박3일,PUS,2027-02-16,2027-02-18,,오후 4:20,오후 6:30,,,,,,2171200,542800
2026-07-04 15:10:27,3박4일,PUS,2027-02-17,2027-02-20,,오후 4:20,오후 6:30,,,,,,2551200,637800
2026-07-04 15:10:27,3박4일,PUS,2027-02-18,2027-02-21,,오후 4:20,오후 6:30,,,,,,2551200,637800
2026-07-04 15:10:27,2박3일,PUS,2027-02-19,2027-02-21,,오후 4:20,오후 6:30,,,,,,2552000,638000
2026-07-04 15:10:27,3박4일,PUS,2027-02-19,2027-02-22,,오후 4:20,오후 6:30,,,,,,2172000,543000
2026-07-04 15:10:27,2박3일,PUS,2027-02-20,2027-02-22,,오후 4:20,오후 6:30,,,,,,2172000,543000
2026-07-04 15:10:27,2박3일,PUS,2027-02-21,2027-02-23,,오전 9:30,오후 12:00,,,,,,2230800,557700
2026-07-04 15:10:27,3박4일,PUS,2027-02-21,2027-02-24,,오전 9:30,오후 12:00,,,,,,2230800,557700
2026-07-04 15:26:35,2박3일,PUS,2027-01-27,2027-01-29,Jin Air,09:30,12:00,2시간 30분,Jin Air,11:45,14:05,2시간 20분,2546131,636533
2026-07-04 15:26:35,3박4일,PUS,2027-02-01,2027-02-04,Jin Air,09:30,12:00,2시간 30분,Jin Air,11:45,14:05,2시간 20분,2626131,656533
2026-07-04 15:26:35,2박3일,PUS,2027-02-02,2027-02-04,Jin Air,09:30,12:00,2시간 30분,Jin Air,11:45,14:05,2시간 20분,2546131,636533
2026-07-04 15:26:35,3박4일,PUS,2027-02-02,2027-02-05,Jin Air,09:30,12:00,2시간 30분,Korean Air,12:45,15:05,2시간 20분,2703432,675858
2026-07-04 15:26:35,2박3일,PUS,2027-02-03,2027-02-05,Jin Air,09:30,12:00,2시간 30분,Korean Air,12:45,15:05,2시간 20분,2703432,675858
2026-07-04 15:26:35,3박4일,PUS,2027-02-06,2027-02-09,Korean Air,16:20,18:30,2시간 10분,Jin Air,11:45,14:05,2시간 20분,3866799,966700
2026-07-04 15:26:35,2박3일,PUS,2027-02-07,2027-02-09,Korean Air,09:25,11:35,2시간 10분,Jin Air,11:45,14:05,2시간 20분,3866799,966700
2026-07-04 15:26:35,3박4일,PUS,2027-02-07,2027-02-10,Korean Air,09:25,11:35,2시간 10분,Jin Air,11:45,14:05,2시간 20분,3866799,966700
2026-07-04 15:26:35,2박3일,PUS,2027-02-08,2027-02-10,Korean Air,16:20,18:30,2시간 10분,Jin Air,11:45,14:05,2시간 20분,3527999,882000
2026-07-04 15:26:35,3박4일,PUS,2027-02-08,2027-02-11,Korean Air,16:20,18:30,2시간 10분,Korean Air,12:45,15:05,2시간 20분,3222872,805718
2026-07-04 15:26:35,2박3일,PUS,2027-02-09,2027-02-11,Korean Air,16:20,18:30,2시간 10분,Korean Air,12:45,15:05,2시간 20분,3222872,805718
2026-07-04 15:26:35,3박4일,PUS,2027-02-09,2027-02-12,Korean Air,16:20,18:30,2시간 10분,Korean Air,12:45,15:05,2시간 20분,2957544,739386
2026-07-04 15:26:35,3박4일,PUS,2027-02-17,2027-02-20,Jin Air,09:30,12:00,2시간 30분,Jin Air,11:45,14:05,2시간 20분,3387599,846900
2026-07-04 15:26:35,2박3일,PUS,2027-02-18,2027-02-20,Jin Air,09:30,12:00,2시간 30분,Jin Air,11:45,14:05,2시간 20분,3387599,846900
2026-07-04 15:41:35,3박4일,PUS,2027-01-30,2027-02-02,Jin Air,09:30,12:00,2시간 30분,Jin Air,11:45,14:05,2시간 20분,2626131,656533
2026-07-04 15:41:35,2박3일,PUS,2027-02-01,2027-02-03,Jin Air,09:30,12:00,2시간 30분,Jin Air,11:45,14:05,2시간 20분,2626131,656533
2026-07-04 15:41:35,3박4일,PUS,2027-02-07,2027-02-10,Korean Air,09:25,11:35,2시간 10분,Jin Air,11:45,14:05,2시간 20분,3866799,966700
2026-07-04 15:41:35,2박3일,PUS,2027-02-08,2027-02-10,Korean Air,16:20,18:30,2시간 10분,Jin Air,11:45,14:05,2시간 20분,3527999,882000
2026-07-04 15:41:35,3박4일,PUS,2027-02-09,2027-02-12,Korean Air,16:20,18:30,2시간 10분,Korean Air,12:45,15:05,2시간 20분,2957544,739386
2026-07-04 15:41:35,2박3일,PUS,2027-02-11,2027-02-13,Jin Air,09:30,12:00,2시간 30분,Jin Air,11:45,14:05,2시간 20분,2944524,736131
2026-07-04 15:41:35,3박4일,PUS,2027-02-12,2027-02-15,Jin Air,09:30,12:00,2시간 30분,Jin Air,11:45,14:05,2시간 20분,2626131,656533
2026-07-04 15:41:35,2박3일,PUS,2027-02-14,2027-02-16,Korean Air,09:25,11:35,2시간 10분,Jin Air,11:45,14:05,2시간 20분,2906531,726633
2026-07-04 15:41:35,3박4일,PUS,2027-02-15,2027-02-18,Korean Air,09:25,11:35,2시간 10분,Jin Air,11:45,14:05,2시간 20분,2830531,707633
2026-07-04 15:41:35,2박3일,PUS,2027-02-17,2027-02-19,Jin Air,09:30,12:00,2시간 30분,Korean Air,12:45,15:05,2시간 20분,2703432,675858
2026-07-04 15:41:35,3박4일,PUS,2027-02-18,2027-02-21,Jin Air,09:30,12:00,2시간 30분,Korean Air,12:45,15:05,2시간 20분,3196184,799046
2026-07-04 15:41:35,2박3일,PUS,2027-02-19,2027-02-21,Jin Air,09:30,12:00,2시간 30분,Korean Air,12:45,15:05,2시간 20분,3276184,819046
2026-07-04 15:41:35,3박4일,PUS,2027-02-19,2027-02-22,Jin Air,09:30,12:00,2시간 30분,Jin Air,11:45,14:05,2시간 20분,2626131,656533
2026-07-04 16:43:41,2박3일,PUS,2027-01-28,2027-01-30,Jin Air,09:30,12:00,2시간 30분,Jin Air,11:45,14:05,2시간 20분,2546131,636533
2026-07-04 16:43:41,3박4일,PUS,2027-01-28,2027-01-31,Jin Air,09:30,12:00,2시간 30분,Jin Air,11:45,14:05,2시간 20분,2546131,636533
2026-07-04 16:43:41,2박3일,PUS,2027-01-29,2027-01-31,Jin Air,09:30,12:00,2시간 30분,Jin Air,11:45,14:05,2시간 20분,2626131,656533
2026-07-04 16:43:41,3박4일,PUS,2027-01-29,2027-02-01,Jin Air,09:30,12:00,2시간 30분,Jin Air,11:45,14:05,2시간 20분,2626131,656533
2026-07-04 16:43:41,2박3일,PUS,2027-01-31,2027-02-02,Jin Air,09:30,12:00,2시간 30분,Jin Air,11:45,14:05,2시간 20분,2626131,656533
2026-07-04 16:43:41,3박4일,PUS,2027-01-31,2027-02-03,Jin Air,09:30,12:00,2시간 30분,Jin Air,11:45,14:05,2시간 20분,2626131,656533
2026-07-04 16:43:41,2박3일,PUS,2027-02-01,2027-02-03,Jin Air,09:30,12:00,2시간 30분,Jin Air,11:45,14:05,2시간 20분,2626131,656533
2026-07-04 16:43:41,3박4일,PUS,2027-02-01,2027-02-04,Jin Air,09:30,12:00,2시간 30분,Jin Air,11:45,14:05,2시간 20분,2626131,656533
2026-07-04 16:43:41,2박3일,PUS,2027-02-03,2027-02-05,Jin Air,09:30,12:00,2시간 30분,Korean Air,12:45,15:05,2시간 20분,2703432,675858
2026-07-04 16:43:41,3박4일,PUS,2027-02-03,2027-02-06,Jin Air,09:30,12:00,2시간 30분,Korean Air,12:45,15:05,2시간 20분,2703432,675858
2026-07-04 16:43:41,2박3일,PUS,2027-02-06,2027-02-08,Korean Air,16:20,18:30,2시간 10분,Jin Air,11:45,14:05,2시간 20분,3866799,966700
2026-07-04 16:43:41,3박4일,PUS,2027-02-06,2027-02-09,Korean Air,16:20,18:30,2시간 10분,Jin Air,11:45,14:05,2시간 20분,3866799,966700
2026-07-04 16:43:41,2박3일,PUS,2027-02-07,2027-02-09,Korean Air,09:25,11:35,2시간 10분,Jin Air,11:45,14:05,2시간 20분,3866799,966700
2026-07-04 16:43:41,3박4일,PUS,2027-02-07,2027-02-10,Korean Air,09:25,11:35,2시간 10분,Jin Air,11:45,14:05,2시간 20분,3866799,966700
2026-07-04 16:43:41,2박3일,PUS,2027-02-11,2027-02-13,Jin Air,09:30,12:00,2시간 30분,Jin Air,11:45,14:05,2시간 20분,2944524,736131
2026-07-04 16:43:41,3박4일,PUS,2027-02-12,2027-02-15,Jin Air,09:30,12:00,2시간 30분,Jin Air,11:45,14:05,2시간 20분,2626131,656533
2026-07-04 16:43:41,2박3일,PUS,2027-02-13,2027-02-15,Korean Air,16:20,18:30,2시간 10분,Jin Air,11:45,14:05,2시간 20분,2906531,726633
2026-07-04 16:43:41,3박4일,PUS,2027-02-15,2027-02-18,Korean Air,09:25,11:35,2시간 10분,Jin Air,11:45,14:05,2시간 20분,2830531,707633
2026-07-04 16:43:41,2박3일,PUS,2027-02-16,2027-02-18,Jin Air,09:30,12:00,2시간 30분,Jin Air,11:45,14:05,2시간 20분,2546131,636533
2026-07-04 16:43:41,3박4일,PUS,2027-02-16,2027-02-19,Jin Air,09:30,12:00,2시간 30분,Korean Air,12:45,15:05,2시간 20분,2703432,675858
2026-07-04 16:43:41,2박3일,PUS,2027-02-17,2027-02-19,Jin Air,09:30,12:00,2시간 30분,Korean Air,12:45,15:05,2시간 20분,2703432,675858
2026-07-04 16:43:41,3박4일,PUS,2027-02-18,2027-02-21,Jin Air,09:30,12:00,2시간 30분,Korean Air,12:45,15:05,2시간 20분,3196184,799046
2026-07-04 16:43:41,2박3일,PUS,2027-02-19,2027-02-21,Jin Air,09:30,12:00,2시간 30분,Korean Air,12:45,15:05,2시간 20분,3276184,819046
2026-07-04 16:43:41,3박4일,PUS,2027-02-19,2027-02-22,Jin Air,09:30,12:00,2시간 30분,Jin Air,11:45,14:05,2시간 20분,2626131,656533
2026-07-04 16:43:41,2박3일,PUS,2027-02-20,2027-02-22,Jin Air,09:30,12:00,2시간 30분,Jin Air,11:45,14:05,2시간 20분,2626131,656533
2026-07-04 16:43:41,3박4일,PUS,2027-02-21,2027-02-24,Jin Air,09:30,12:00,2시간 30분,Jin Air,11:45,14:05,2시간 20분,2626131,656533
2026-07-05 01:37:59,2박3일,PUS,2027-01-25,2027-01-27,Jin Air,09:30,12:00,2시간 30분,Jin Air,11:45,14:05,2시간 20분,2534759,633690
2026-07-05 01:37:59,3박4일,PUS,2027-01-26,2027-01-29,Jin Air,09:30,12:00,2시간 30분,Jin Air,11:45,14:05,2시간 20분,2545700,636425
2026-07-05 01:37:59,2박3일,PUS,2027-01-27,2027-01-29,Jin Air,09:30,12:00,2시간 30분,Jin Air,11:45,14:05,2시간 20분,2545700,636425
2026-07-05 01:37:59,3박4일,PUS,2027-01-28,2027-01-31,Jin Air,09:30,12:00,2시간 30분,Jin Air,11:45,14:05,2시간 20분,2545700,636425
2026-07-05 01:37:59,2박3일,PUS,2027-01-29,2027-01-31,Jin Air,09:30,12:00,2시간 30분,Jin Air,11:45,14:05,2시간 20분,2625700,656425
2026-07-05 01:37:59,3박4일,PUS,2027-01-29,2027-02-01,Jin Air,09:30,12:00,2시간 30분,Jin Air,11:45,14:05,2시간 20분,2625700,656425
2026-07-05 01:37:59,2박3일,PUS,2027-01-30,2027-02-01,Jin Air,09:30,12:00,2시간 30분,Jin Air,11:45,14:05,2시간 20분,2625700,656425
2026-07-05 01:37:59,3박4일,PUS,2027-02-02,2027-02-05,Jin Air,09:30,12:00,2시간 30분,Korean Air,12:45,15:05,2시간 20분,2702954,675738
2026-07-05 01:37:59,3박4일,PUS,2027-02-04,2027-02-07,Korean Air,09:25,11:35,2시간 10분,Korean Air,12:45,15:05,2시간 20분,3107754,776938
2026-07-05 01:37:59,2박3일,PUS,2027-02-05,2027-02-07,Korean Air,09:25,11:35,2시간 10분,Korean Air,12:45,15:05,2시간 20분,3182154,795538
2026-07-05 01:37:59,3박4일,PUS,2027-02-07,2027-02-10,Korean Air,09:25,11:35,2시간 10분,Jin Air,11:45,14:05,2시간 20분,3866110,966528
2026-07-05 01:37:59,2박3일,PUS,2027-02-09,2027-02-11,Korean Air,16:20,18:30,2시간 10분,Korean Air,12:45,15:05,2시간 20분,3222277,805569
2026-07-05 01:37:59,3박4일,PUS,2027-02-09,2027-02-12,Korean Air,16:20,18:30,2시간 10분,Korean Air,12:45,15:05,2시간 20분,2957030,739258
2026-07-05 01:37:59,3박4일,PUS,2027-02-20,2027-02-23,Jin Air,09:30,12:00,2시간 30분,Jin Air,11:45,14:05,2시간 20분,2625700,656425
2026-07-05 18:31:55,2박3일,PUS,2027-01-27,2027-01-29,Jin Air,09:30,12:00,2시간 30분,Jin Air,11:45,14:05,2시간 20분,2553959,638490
2026-07-05 18:31:55,3박4일,PUS,2027-01-27,2027-01-30,Jin Air,09:30,12:00,2시간 30분,Jin Air,11:45,14:05,2시간 20분,2553959,638490
2026-07-05 18:31:55,2박3일,PUS,2027-01-28,2027-01-30,Jin Air,09:30,12:00,2시간 30분,Jin Air,11:45,14:05,2시간 20분,2553959,638490
2026-07-05 18:31:55,3박4일,PUS,2027-01-28,2027-01-31,Jin Air,09:30,12:00,2시간 30분,Jin Air,11:45,14:05,2시간 20분,2553959,638490
2026-07-05 18:31:55,2박3일,PUS,2027-01-29,2027-01-31,Jin Air,09:30,12:00,2시간 30분,Jin Air,11:45,14:05,2시간 20분,2633959,658490
2026-07-05 18:31:55,2박3일,PUS,2027-01-31,2027-02-02,Jin Air,09:30,12:00,2시간 30분,Jin Air,11:45,14:05,2시간 20분,2633959,658490
2026-07-05 18:31:55,2박3일,PUS,2027-02-02,2027-02-04,Jin Air,09:30,12:00,2시간 30분,Jin Air,11:45,14:05,2시간 20분,2553959,638490
2026-07-05 18:31:55,3박4일,PUS,2027-02-02,2027-02-05,Jin Air,09:30,12:00,2시간 30분,Korean Air,12:45,15:05,2시간 20분,2712139,678035
2026-07-05 18:31:55,2박3일,PUS,2027-02-03,2027-02-05,Jin Air,09:30,12:00,2시간 30분,Korean Air,12:45,15:05,2시간 20분,2712139,678035
2026-07-05 18:31:55,3박4일,PUS,2027-02-08,2027-02-11,Korean Air,16:20,18:30,2시간 10분,Korean Air,12:45,15:05,2시간 20분,3233696,808424
2026-07-05 18:31:55,2박3일,PUS,2027-02-09,2027-02-11,Korean Air,16:20,18:30,2시간 10분,Korean Air,12:45,15:05,2시간 20분,3233696,808424
2026-07-05 18:31:55,3박4일,PUS,2027-02-09,2027-02-12,Korean Air,16:20,18:30,2시간 10분,Korean Air,12:45,15:05,2시간 20분,2966886,741722
2026-07-05 18:31:55,2박3일,PUS,2027-02-11,2027-02-13,Jin Air,09:30,12:00,2시간 30분,Jin Air,11:45,14:05,2시간 20분,2954131,738533
2026-07-05 18:31:55,2박3일,PUS,2027-02-13,2027-02-15,Korean Air,16:20,18:30,2시간 10분,Jin Air,11:45,14:05,2시간 20분,2914359,728590
2026-07-05 18:31:55,3박4일,PUS,2027-02-13,2027-02-16,Korean Air,16:20,18:30,2시간 10분,Jin Air,11:45,14:05,2시간 20분,2914359,728590
2026-07-05 18:31:55,2박3일,PUS,2027-02-14,2027-02-16,Korean Air,09:25,11:35,2시간 10분,Jin Air,11:45,14:05,2시간 20분,2914359,728590
2026-07-05 18:31:55,3박4일,PUS,2027-02-14,2027-02-17,Korean Air,09:25,11:35,2시간 10분,Jin Air,11:45,14:05,2시간 20분,2914359,728590
2026-07-05 18:31:55,2박3일,PUS,2027-02-15,2027-02-17,Korean Air,09:25,11:35,2시간 10분,Jin Air,11:45,14:05,2시간 20분,2838359,709590
2026-07-05 18:31:55,3박4일,PUS,2027-02-15,2027-02-18,Korean Air,09:25,11:35,2시간 10분,Jin Air,11:45,14:05,2시간 20분,2838359,709590
2026-07-05 18:31:55,2박3일,PUS,2027-02-16,2027-02-18,Jin Air,09:30,12:00,2시간 30분,Jin Air,11:45,14:05,2시간 20분,2553959,638490
2026-07-05 18:31:55,3박4일,PUS,2027-02-16,2027-02-19,Jin Air,09:30,12:00,2시간 30분,Korean Air,12:45,15:05,2시간 20분,2712139,678035
2026-07-05 18:31:55,2박3일,PUS,2027-02-18,2027-02-20,Jin Air,09:30,12:00,2시간 30분,Jin Air,11:45,14:05,2시간 20분,3400128,850032
2026-07-05 18:31:55,3박4일,PUS,2027-02-18,2027-02-21,Jin Air,09:30,12:00,2시간 30분,Korean Air,12:45,15:05,2시간 20분,3207644,801911
2026-07-05 18:31:55,2박3일,PUS,2027-02-21,2027-02-23,Jin Air,09:30,12:00,2시간 30분,Jin Air,11:45,14:05,2시간 20분,2633959,658490
2026-07-05 18:31:55,3박4일,PUS,2027-02-21,2027-02-24,Jin Air,09:30,12:00,2시간 30분,Jin Air,11:45,14:05,2시간 20분,2633959,658490
2026-07-05 20:18:26,2박3일,PUS,2027-01-25,2027-01-27,Jin Air,09:30,12:00,2시간 30분,Jin Air,11:45,14:05,2시간 20분,2542481,635620
2026-07-05 20:18:26,3박4일,PUS,2027-01-25,2027-01-28,Jin Air,09:30,12:00,2시간 30분,Jin Air,11:45,14:05,2시간 20분,2542481,635620
2026-07-05 20:18:26,2박3일,PUS,2027-01-26,2027-01-28,Jin Air,09:30,12:00,2시간 30분,Jin Air,11:45,14:05,2시간 20분,2462481,615620
2026-07-05 20:18:26,3박4일,PUS,2027-01-26,2027-01-29,Jin Air,09:30,12:00,2시간 30분,Jin Air,11:45,14:05,2시간 20분,2553959,638490
2026-07-05 20:18:26,2박3일,PUS,2027-01-28,2027-01-30,Jin Air,09:30,12:00,2시간 30분,Jin Air,11:45,14:05,2시간 20분,2553959,638490
2026-07-05 20:18:26,3박4일,PUS,2027-01-30,2027-02-02,Jin Air,09:30,12:00,2시간 30분,Jin Air,11:45,14:05,2시간 20분,2633959,658490
2026-07-05 20:18:26,2박3일,PUS,2027-01-31,2027-02-02,Jin Air,09:30,12:00,2시간 30분,Jin Air,11:45,14:05,2시간 20분,2633959,658490
2026-07-05 20:18:26,2박3일,PUS,2027-02-04,2027-02-06,Korean Air,09:25,11:35,2시간 10분,Korean Air,12:45,15:05,2시간 20분,3116939,779235
2026-07-05 20:18:26,3박4일,PUS,2027-02-04,2027-02-07,Korean Air,09:25,11:35,2시간 10분,Korean Air,12:45,15:05,2시간 20분,3116939,779235
2026-07-05 20:18:26,3박4일,PUS,2027-02-06,2027-02-09,Korean Air,16:20,18:30,2시간 10분,Jin Air,11:45,14:05,2시간 20분,3879328,969832
2026-07-05 20:18:26,2박3일,PUS,2027-02-07,2027-02-09,Korean Air,09:25,11:35,2시간 10분,Jin Air,11:45,14:05,2시간 20분,3879328,969832
2026-07-05 20:18:26,3박4일,PUS,2027-02-07,2027-02-10,Korean Air,09:25,11:35,2시간 10분,Jin Air,11:45,14:05,2시간 20분,3879328,969832
2026-07-05 20:18:26,2박3일,PUS,2027-02-08,2027-02-10,Korean Air,16:20,18:30,2시간 10분,Jin Air,11:45,14:05,2시간 20분,3540528,885132
2026-07-05 20:18:26,3박4일,PUS,2027-02-08,2027-02-11,Korean Air,16:20,18:30,2시간 10분,Korean Air,12:45,15:05,2시간 20분,3233696,808424
2026-07-05 20:18:26,2박3일,PUS,2027-02-09,2027-02-11,Korean Air,16:20,18:30,2시간 10분,Korean Air,12:45,15:05,2시간 20분,3233696,808424
2026-07-05 20:18:26,3박4일,PUS,2027-02-09,2027-02-12,Korean Air,16:20,18:30,2시간 10분,Korean Air,12:45,15:05,2시간 20분,2966886,741722
2026-07-05 20:18:26,3박4일,PUS,2027-02-11,2027-02-14,Jin Air,09:30,12:00,2시간 30분,Jin Air,11:45,14:05,2시간 20분,3068478,767120
2026-07-05 20:18:26,2박3일,PUS,2027-02-12,2027-02-14,Jin Air,09:30,12:00,2시간 30분,Jin Air,11:45,14:05,2시간 20분,3068478,767120
2026-07-05 20:18:26,3박4일,PUS,2027-02-12,2027-02-15,Jin Air,09:30,12:00,2시간 30분,Jin Air,11:45,14:05,2시간 20분,2633959,658490
2026-07-05 20:18:26,2박3일,PUS,2027-02-13,2027-02-15,Korean Air,16:20,18:30,2시간 10분,Jin Air,11:45,14:05,2시간 20분,2914359,728590
2026-07-05 20:18:26,3박4일,PUS,2027-02-13,2027-02-16,Korean Air,16:20,18:30,2시간 10분,Jin Air,11:45,14:05,2시간 20분,2914359,728590
2026-07-05 20:18:26,2박3일,PUS,2027-02-19,2027-02-21,Jin Air,09:30,12:00,2시간 30분,Korean Air,12:45,15:05,2시간 20분,3287644,821911
2026-07-05 20:18:26,3박4일,PUS,2027-02-20,2027-02-23,Jin Air,09:30,12:00,2시간 30분,Jin Air,11:45,14:05,2시간 20분,2633959,658490
2026-07-06 01:43:50,2박3일,PUS,2027-01-25,2027-01-27,Jin Air,09:30,12:00,2시간 30분,Jin Air,11:45,14:05,2시간 20분,2542481,635620
2026-07-06 01:43:50,3박4일,PUS,2027-01-25,2027-01-28,Jin Air,09:30,12:00,2시간 30분,Jin Air,11:45,14:05,2시간 20분,2542481,635620
2026-07-06 01:43:50,3박4일,PUS,2027-01-27,2027-01-30,Jin Air,09:30,12:00,2시간 30분,Jin Air,11:45,14:05,2시간 20분,2553959,638490
2026-07-06 01:43:50,2박3일,PUS,2027-01-31,2027-02-02,Jin Air,09:30,12:00,2시간 30분,Jin Air,11:45,14:05,2시간 20분,2633959,658490
2026-07-06 01:43:50,3박4일,PUS,2027-01-31,2027-02-03,Jin Air,09:30,12:00,2시간 30분,Jin Air,11:45,14:05,2시간 20분,2633959,658490
2026-07-06 01:43:50,2박3일,PUS,2027-02-01,2027-02-03,Jin Air,09:30,12:00,2시간 30분,Jin Air,11:45,14:05,2시간 20분,2633959,658490
2026-07-06 01:43:50,3박4일,PUS,2027-02-01,2027-02-04,Jin Air,09:30,12:00,2시간 30분,Jin Air,11:45,14:05,2시간 20분,2633959,658490
2026-07-06 01:43:50,2박3일,PUS,2027-02-03,2027-02-05,Jin Air,09:30,12:00,2시간 30분,Korean Air,12:45,15:05,2시간 20분,2712139,678035
2026-07-06 01:43:50,3박4일,PUS,2027-02-04,2027-02-07,Korean Air,09:25,11:35,2시간 10분,Korean Air,12:45,15:05,2시간 20분,3116939,779235
2026-07-06 01:43:50,2박3일,PUS,2027-02-05,2027-02-07,Korean Air,09:25,11:35,2시간 10분,Korean Air,12:45,15:05,2시간 20분,3191339,797835
2026-07-06 01:43:50,3박4일,PUS,2027-02-06,2027-02-09,Korean Air,16:20,18:30,2시간 10분,Jin Air,11:45,14:05,2시간 20분,3879328,969832
2026-07-06 01:43:50,2박3일,PUS,2027-02-07,2027-02-09,Korean Air,09:25,11:35,2시간 10분,Jin Air,11:45,14:05,2시간 20분,3879328,969832
2026-07-06 01:43:50,2박3일,PUS,2027-02-14,2027-02-16,Korean Air,09:25,11:35,2시간 10분,Jin Air,11:45,14:05,2시간 20분,2914359,728590
2026-07-06 01:43:50,3박4일,PUS,2027-02-15,2027-02-18,Korean Air,09:25,11:35,2시간 10분,Jin Air,11:45,14:05,2시간 20분,2838359,709590
2026-07-06 01:43:50,3박4일,PUS,2027-02-21,2027-02-24,Jin Air,09:30,12:00,2시간 30분,Jin Air,11:45,14:05,2시간 20분,2633959,658490
2026-07-06 08:54:03,2박3일,PUS,2027-01-31,2027-02-02,Jin Air,09:30,12:00,2시간 30분,Jin Air,11:45,14:05,2시간 20분,2624998,656250
2026-07-06 08:54:03,3박4일,PUS,2027-02-01,2027-02-04,Jin Air,09:30,12:00,2시간 30분,Jin Air,11:45,14:05,2시간 20분,2624998,656250
2026-07-06 08:54:03,2박3일,PUS,2027-02-02,2027-02-04,Jin Air,09:30,12:00,2시간 30분,Jin Air,11:45,14:05,2시간 20분,2544998,636250
2026-07-06 08:54:03,3박4일,PUS,2027-02-02,2027-02-05,Jin Air,09:30,12:00,2시간 30분,Korean Air,12:45,15:05,2시간 20분,2702172,675543
2026-07-06 08:54:03,2박3일,PUS,2027-02-03,2027-02-05,Jin Air,09:30,12:00,2시간 30분,Korean Air,12:45,15:05,2시간 20분,2702172,675543
2026-07-06 08:54:03,2박3일,PUS,2027-02-06,2027-02-08,Korean Air,16:20,18:30,2시간 10분,Jin Air,11:45,14:05,2시간 20분,3864985,966246
2026-07-06 08:54:03,2박3일,PUS,2027-02-09,2027-02-11,Korean Air,16:20,18:30,2시간 10분,Korean Air,12:45,15:05,2시간 20분,3221305,805326
2026-07-06 08:54:03,3박4일,PUS,2027-02-09,2027-02-12,Korean Air,16:20,18:30,2시간 10분,Korean Air,12:45,15:05,2시간 20분,2956192,739048
2026-07-06 08:54:03,3박4일,PUS,2027-02-11,2027-02-14,Jin Air,09:30,12:00,2시간 30분,Jin Air,11:45,14:05,2시간 20분,3056754,764188
2026-07-06 08:54:03,3박4일,PUS,2027-02-16,2027-02-19,Jin Air,09:30,12:00,2시간 30분,Korean Air,12:45,15:05,2시간 20분,2702172,675543
2026-07-06 08:54:03,2박3일,PUS,2027-02-17,2027-02-19,Jin Air,09:30,12:00,2시간 30분,Korean Air,12:45,15:05,2시간 20분,2702172,675543
2026-07-06 08:54:03,3박4일,PUS,2027-02-17,2027-02-20,Jin Air,09:30,12:00,2시간 30분,Jin Air,11:45,14:05,2시간 20분,3385785,846446
2026-07-06 08:54:03,2박3일,PUS,2027-02-19,2027-02-21,Jin Air,09:30,12:00,2시간 30분,Korean Air,12:45,15:05,2시간 20분,3274525,818631
2026-07-06 08:54:03,3박4일,PUS,2027-02-19,2027-02-22,Jin Air,09:30,12:00,2시간 30분,Jin Air,11:45,14:05,2시간 20분,2624998,656250
2026-07-06 08:54:03,2박3일,PUS,2027-02-20,2027-02-22,Jin Air,09:30,12:00,2시간 30분,Jin Air,11:45,14:05,2시간 20분,2624998,656250
2026-07-06 08:54:03,3박4일,PUS,2027-02-20,2027-02-23,Jin Air,09:30,12:00,2시간 30분,Jin Air,11:45,14:05,2시간 20분,2624998,656250
2026-07-06 18:07:02,2박3일,PUS,2027-01-25,2027-01-27,Jin Air,09:30,12:00,2시간 30분,Jin Air,11:45,14:05,2시간 20분,2531535,632884
2026-07-06 18:07:02,3박4일,PUS,2027-01-25,2027-01-28,Jin Air,09:30,12:00,2시간 30분,Jin Air,11:45,14:05,2시간 20분,2531535,632884
2026-07-06 18:07:02,2박3일,PUS,2027-01-27,2027-01-29,Jin Air,09:30,12:00,2시간 30분,Jin Air,11:45,14:05,2시간 20분,2542252,635563
2026-07-06 18:07:02,3박4일,PUS,2027-01-27,2027-01-30,Jin Air,09:30,12:00,2시간 30분,Jin Air,11:45,14:05,2시간 20분,2542252,635563
2026-07-06 18:07:02,2박3일,PUS,2027-01-28,2027-01-30,Jin Air,09:30,12:00,2시간 30분,Jin Air,11:45,14:05,2시간 20분,2542252,635563
2026-07-06 18:07:02,3박4일,PUS,2027-01-28,2027-01-31,Jin Air,09:30,12:00,2시간 30분,Jin Air,11:45,14:05,2시간 20분,2542252,635563
2026-07-06 18:07:02,2박3일,PUS,2027-01-30,2027-02-01,Jin Air,09:30,12:00,2시간 30분,Jin Air,11:45,14:05,2시간 20분,2622252,655563
2026-07-06 18:07:02,3박4일,PUS,2027-01-30,2027-02-02,Jin Air,09:30,12:00,2시간 30분,Jin Air,11:45,14:05,2시간 20분,2622252,655563
2026-07-06 18:07:02,2박3일,PUS,2027-02-01,2027-02-03,Jin Air,09:30,12:00,2시간 30분,Jin Air,11:45,14:05,2시간 20분,2622252,655563
2026-07-06 18:07:02,3박4일,PUS,2027-02-04,2027-02-07,Korean Air,09:25,11:35,2시간 10분,Korean Air,12:45,15:05,2시간 20분,3103918,775980
2026-07-06 18:07:02,3박4일,PUS,2027-02-06,2027-02-09,Korean Air,16:20,18:30,2시간 10분,Jin Air,11:45,14:05,2시간 20분,3860590,965148
2026-07-06 18:07:02,2박3일,PUS,2027-02-07,2027-02-09,Korean Air,09:25,11:35,2시간 10분,Jin Air,11:45,14:05,2시간 20분,3860590,965148
2026-07-06 18:07:02,3박4일,PUS,2027-02-08,2027-02-11,Korean Air,16:20,18:30,2시간 10분,Korean Air,12:45,15:05,2시간 20분,3217508,804377
2026-07-06 18:07:02,2박3일,PUS,2027-02-10,2027-02-12,Korean Air,16:20,18:30,2시간 10분,Korean Air,12:45,15:05,2시간 20분,2952915,738229
2026-07-06 18:07:02,3박4일,PUS,2027-02-10,2027-02-13,Korean Air,16:20,18:30,2시간 10분,Jin Air,11:45,14:05,2시간 20분,3000164,750041
2026-07-06 18:07:02,3박4일,PUS,2027-02-13,2027-02-16,Korean Air,09:25,11:35,2시간 10분,Jin Air,11:45,14:05,2시간 20분,2902652,725663
2026-07-06 18:07:02,2박3일,PUS,2027-02-16,2027-02-18,Jin Air,09:30,12:00,2시간 30분,Jin Air,11:45,14:05,2시간 20분,2542252,635563
2026-07-06 18:07:02,3박4일,PUS,2027-02-16,2027-02-19,Jin Air,09:30,12:00,2시간 30분,Korean Air,12:45,15:05,2시간 20분,2699118,674780
2026-07-06 18:07:02,2박3일,PUS,2027-02-17,2027-02-19,Jin Air,09:30,12:00,2시간 30분,Korean Air,12:45,15:05,2시간 20분,2699118,674780
2026-07-06 18:07:02,3박4일,PUS,2027-02-17,2027-02-20,Jin Air,09:30,12:00,2시간 30분,Jin Air,11:45,14:05,2시간 20분,3381390,845348
2026-07-06 18:07:02,2박3일,PUS,2027-02-18,2027-02-20,Jin Air,09:30,12:00,2시간 30분,Jin Air,11:45,14:05,2시간 20분,3381390,845348
2026-07-06 18:07:02,2박3일,PUS,2027-02-20,2027-02-22,Jin Air,09:30,12:00,2시간 30분,Jin Air,11:45,14:05,2시간 20분,2622252,655563
2026-07-07 01:26:08,2박3일,PUS,2027-01-26,2027-01-28,Jin Air,09:30,12:00,2시간 30분,Jin Air,11:45,14:05,2시간 20분,2449357,612339
2026-07-07 01:26:08,3박4일,PUS,2027-01-27,2027-01-30,Jin Air,09:30,12:00,2시간 30분,Jin Air,11:45,14:05,2시간 20분,2539923,634981
2026-07-07 01:26:08,2박3일,PUS,2027-01-28,2027-01-30,Jin Air,09:30,12:00,2시간 30분,Jin Air,11:45,14:05,2시간 20분,2539923,634981
2026-07-07 01:26:08,3박4일,PUS,2027-01-28,2027-01-31,Jin Air,09:30,12:00,2시간 30분,Jin Air,11:45,14:05,2시간 20분,2539923,634981
2026-07-07 01:26:08,2박3일,PUS,2027-01-29,2027-01-31,Jin Air,09:30,12:00,2시간 30분,Jin Air,11:45,14:05,2시간 20분,2619923,654981
2026-07-07 01:26:08,3박4일,PUS,2027-01-29,2027-02-01,Jin Air,09:30,12:00,2시간 30분,Jin Air,11:45,14:05,2시간 20분,2619923,654981
2026-07-07 01:26:08,2박3일,PUS,2027-01-30,2027-02-01,Jin Air,09:30,12:00,2시간 30분,Jin Air,11:45,14:05,2시간 20분,2619923,654981
2026-07-07 01:26:08,3박4일,PUS,2027-01-30,2027-02-02,Jin Air,09:30,12:00,2시간 30분,Jin Air,11:45,14:05,2시간 20분,2619923,654981
2026-07-07 01:26:08,2박3일,PUS,2027-01-31,2027-02-02,Jin Air,09:30,12:00,2시간 30분,Jin Air,11:45,14:05,2시간 20분,2619923,654981
2026-07-07 01:26:08,3박4일,PUS,2027-01-31,2027-02-03,Jin Air,09:30,12:00,2시간 30분,Jin Air,11:45,14:05,2시간 20분,2619923,654981
2026-07-07 01:26:08,2박3일,PUS,2027-02-01,2027-02-03,Jin Air,09:30,12:00,2시간 30분,Jin Air,11:45,14:05,2시간 20분,2619923,654981
2026-07-07 01:26:08,3박4일,PUS,2027-02-01,2027-02-04,Jin Air,09:30,12:00,2시간 30분,Jin Air,11:45,14:05,2시간 20분,2619923,654981
2026-07-07 01:26:08,2박3일,PUS,2027-02-03,2027-02-05,Jin Air,09:30,12:00,2시간 30분,Korean Air,12:45,15:05,2시간 20분,2696527,674132
2026-07-07 01:26:08,3박4일,PUS,2027-02-05,2027-02-08,Korean Air,09:25,11:35,2시간 10분,Jin Air,11:45,14:05,2시간 20분,3856862,964216
2026-07-07 01:26:08,3박4일,PUS,2027-02-07,2027-02-10,Korean Air,09:25,11:35,2시간 10분,Jin Air,11:45,14:05,2시간 20분,3856862,964216
2026-07-07 01:26:08,2박3일,PUS,2027-02-09,2027-02-11,Korean Air,16:20,18:30,2시간 10분,Korean Air,12:45,15:05,2시간 20분,3214287,803572
2026-07-07 01:26:08,3박4일,PUS,2027-02-09,2027-02-12,Korean Air,16:20,18:30,2시간 10분,Korean Air,12:45,15:05,2시간 20분,2950135,737534
2026-07-07 01:26:08,2박3일,PUS,2027-02-10,2027-02-12,Korean Air,16:20,18:30,2시간 10분,Korean Air,12:45,15:05,2시간 20분,2950135,737534
2026-07-07 01:26:08,3박4일,PUS,2027-02-10,2027-02-13,Korean Air,16:20,18:30,2시간 10분,Jin Air,11:45,14:05,2시간 20분,2997305,749326
2026-07-07 01:26:08,2박3일,PUS,2027-02-12,2027-02-14,Jin Air,09:30,12:00,2시간 30분,Jin Air,11:45,14:05,2시간 20분,3050113,762528
2026-07-07 01:26:08,3박4일,PUS,2027-02-12,2027-02-15,Jin Air,09:30,12:00,2시간 30분,Jin Air,11:45,14:05,2시간 20분,2619923,654981
2026-07-07 01:26:08,2박3일,PUS,2027-02-13,2027-02-15,Korean Air,09:25,11:35,2시간 10분,Jin Air,11:45,14:05,2시간 20분,2900323,725081
2026-07-07 01:26:08,3박4일,PUS,2027-02-13,2027-02-16,Korean Air,09:25,11:35,2시간 10분,Jin Air,11:45,14:05,2시간 20분,2900323,725081
2026-07-07 01:26:08,2박3일,PUS,2027-02-14,2027-02-16,Korean Air,09:25,11:35,2시간 10분,Jin Air,11:45,14:05,2시간 20분,2900323,725081
2026-07-07 01:26:08,3박4일,PUS,2027-02-15,2027-02-18,Korean Air,09:25,11:35,2시간 10분,Jin Air,11:45,14:05,2시간 20분,2824323,706081
2026-07-07 01:26:08,2박3일,PUS,2027-02-16,2027-02-18,Jin Air,09:30,12:00,2시간 30분,Jin Air,11:45,14:05,2시간 20분,2537523,634381
2026-07-07 01:26:08,3박4일,PUS,2027-02-17,2027-02-20,Jin Air,09:30,12:00,2시간 30분,Jin Air,11:45,14:05,2시간 20분,3375262,843816
2026-07-07 01:26:08,2박3일,PUS,2027-02-18,2027-02-20,Jin Air,09:30,12:00,2시간 30분,Jin Air,11:45,14:05,2시간 20분,3375262,843816
2026-07-07 01:26:08,3박4일,PUS,2027-02-18,2027-02-21,Jin Air,09:30,12:00,2시간 30분,Korean Air,12:45,15:05,2시간 20분,3184695,796174
2026-07-07 01:26:08,3박4일,PUS,2027-02-20,2027-02-23,Jin Air,09:30,12:00,2시간 30분,Jin Air,11:45,14:05,2시간 20분,2619923,654981
2026-07-07 08:56:24,2박3일,PUS,2027-01-25,2027-01-27,Jin Air,09:30,12:00,2시간 30분,Jin Air,11:45,14:05,2시간 20분,2528147,632037
2026-07-07 08:56:24,2박3일,PUS,2027-01-27,2027-01-29,Jin Air,09:30,12:00,2시간 30분,Jin Air,11:45,14:05,2시간 20분,2538796,634699
2026-07-07 08:56:24,3박4일,PUS,2027-02-01,2027-02-04,Jin Air,09:30,12:00,2시간 30분,Jin Air,11:45,14:05,2시간 20분,2618796,654699
2026-07-07 08:56:24,2박3일,PUS,2027-02-02,2027-02-04,Jin Air,09:30,12:00,2시간 30분,Jin Air,11:45,14:05,2시간 20분,2538796,634699
2026-07-07 08:56:24,3박4일,PUS,2027-02-05,2027-02-08,Korean Air,09:25,11:35,2시간 10분,Jin Air,11:45,14:05,2시간 20분,3858900,964725
2026-07-07 08:56:24,3박4일,PUS,2027-02-09,2027-02-12,Korean Air,16:20,18:30,2시간 10분,Korean Air,12:45,15:05,2시간 20분,2951655,737914
2026-07-07 08:56:24,2박3일,PUS,2027-02-10,2027-02-12,Korean Air,16:20,18:30,2시간 10분,Korean Air,12:45,15:05,2시간 20분,2951655,737914
2026-07-07 08:56:24,2박3일,PUS,2027-02-16,2027-02-18,Jin Air,09:30,12:00,2시간 30분,Jin Air,11:45,14:05,2시간 20분,2538796,634699
2026-07-07 08:56:24,3박4일,PUS,2027-02-16,2027-02-19,Jin Air,09:30,12:00,2시간 30분,Korean Air,12:45,15:05,2시간 20분,2695544,673886
2026-07-07 08:56:24,2박3일,PUS,2027-02-17,2027-02-19,Jin Air,09:30,12:00,2시간 30분,Korean Air,12:45,15:05,2시간 20분,2695544,673886
2026-07-07 08:56:24,2박3일,PUS,2027-02-19,2027-02-21,Jin Air,09:30,12:00,2시간 30분,Korean Air,12:45,15:05,2시간 20분,3266560,816640
2026-07-07 08:56:24,2박3일,PUS,2027-02-21,2027-02-23,Jin Air,09:30,12:00,2시간 30분,Jin Air,11:45,14:05,2시간 20분,2618796,654699
2026-07-07 08:56:24,3박4일,PUS,2027-02-21,2027-02-24,Jin Air,09:30,12:00,2시간 30분,Jin Air,11:45,14:05,2시간 20분,2618796,654699
2026-07-07 17:30:23,2박3일,PUS,2027-01-27,2027-01-29,Jin Air,09:30,12:00,2시간 30분,Jin Air,11:45,14:05,2시간 20분,2533575,633394
2026-07-07 17:30:23,3박4일,PUS,2027-01-27,2027-01-30,Jin Air,09:30,12:00,2시간 30분,Jin Air,11:45,14:05,2시간 20분,2533575,633394
2026-07-07 17:30:23,2박3일,PUS,2027-01-28,2027-01-30,Jin Air,09:30,12:00,2시간 30분,Jin Air,11:45,14:05,2시간 20분,2533575,633394
2026-07-07 17:30:23,3박4일,PUS,2027-01-28,2027-01-31,Jin Air,09:30,12:00,2시간 30분,Jin Air,11:45,14:05,2시간 20분,2533575,633394
2026-07-07 17:30:23,2박3일,PUS,2027-01-29,2027-01-31,Jin Air,09:30,12:00,2시간 30분,Jin Air,11:45,14:05,2시간 20분,2613575,653394
2026-07-07 17:30:23,3박4일,PUS,2027-01-29,2027-02-01,Jin Air,09:30,12:00,2시간 30분,Jin Air,11:45,14:05,2시간 20분,2613575,653394
2026-07-07 17:30:23,2박3일,PUS,2027-01-31,2027-02-02,Jin Air,09:30,12:00,2시간 30분,Jin Air,11:45,14:05,2시간 20분,2613575,653394
2026-07-07 17:30:23,3박4일,PUS,2027-01-31,2027-02-03,Jin Air,09:30,12:00,2시간 30분,Jin Air,11:45,14:05,2시간 20분,2613575,653394
2026-07-07 17:30:23,2박3일,PUS,2027-02-01,2027-02-03,Jin Air,09:30,12:00,2시간 30분,Jin Air,11:45,14:05,2시간 20분,2613575,653394
2026-07-07 17:30:23,3박4일,PUS,2027-02-01,2027-02-04,Jin Air,09:30,12:00,2시간 30분,Jin Air,11:45,14:05,2시간 20분,2613575,653394
2026-07-07 17:30:23,2박3일,PUS,2027-02-02,2027-02-04,Jin Air,09:30,12:00,2시간 30분,Jin Air,11:45,14:05,2시간 20분,2533575,633394
2026-07-07 17:30:23,3박4일,PUS,2027-02-02,2027-02-05,Jin Air,09:30,12:00,2시간 30분,Korean Air,12:45,15:05,2시간 20분,2689736,672434
2026-07-07 17:30:23,2박3일,PUS,2027-02-03,2027-02-05,Jin Air,09:30,12:00,2시간 30분,Korean Air,12:45,15:05,2시간 20분,2689736,672434
2026-07-07 17:30:23,3박4일,PUS,2027-02-05,2027-02-08,Korean Air,09:25,11:35,2시간 10분,Jin Air,11:45,14:05,2시간 20분,3850542,962636
2026-07-07 17:30:23,2박3일,PUS,2027-02-06,2027-02-08,Korean Air,16:20,18:30,2시간 10분,Jin Air,11:45,14:05,2시간 20분,3850542,962636
2026-07-07 17:30:23,2박3일,PUS,2027-02-10,2027-02-12,Korean Air,16:20,18:30,2시간 10분,Korean Air,12:45,15:05,2시간 20분,2945423,736356
2026-07-07 17:30:23,3박4일,PUS,2027-02-12,2027-02-15,Jin Air,09:30,12:00,2시간 30분,Jin Air,11:45,14:05,2시간 20분,2613575,653394
2026-07-07 17:30:23,2박3일,PUS,2027-02-14,2027-02-16,Korean Air,09:25,11:35,2시간 10분,Jin Air,11:45,14:05,2시간 20분,2896375,724094
2026-07-07 17:30:23,3박4일,PUS,2027-02-14,2027-02-17,Korean Air,09:25,11:35,2시간 10분,Jin Air,11:45,14:05,2시간 20분,2896375,724094
2026-07-07 17:30:23,3박4일,PUS,2027-02-16,2027-02-19,Jin Air,09:30,12:00,2시간 30분,Korean Air,12:45,15:05,2시간 20분,2689736,672434
2026-07-07 17:30:23,2박3일,PUS,2027-02-17,2027-02-19,Jin Air,09:30,12:00,2시간 30분,Korean Air,12:45,15:05,2시간 20분,2689736,672434
2026-07-07 17:30:23,3박4일,PUS,2027-02-18,2027-02-21,Jin Air,09:30,12:00,2시간 30분,Korean Air,12:45,15:05,2시간 20분,3178915,794729
2026-07-07 17:30:23,2박3일,PUS,2027-02-19,2027-02-21,Jin Air,09:30,12:00,2시간 30분,Korean Air,12:45,15:05,2시간 20분,3258915,814729
2026-07-07 17:30:23,2박3일,PUS,2027-02-21,2027-02-23,Jin Air,09:30,12:00,2시간 30분,Jin Air,11:45,14:05,2시간 20분,2613575,653394
2026-07-08 00:46:31,2박3일,PUS,2027-01-25,2027-01-27,Jin Air,09:30,12:00,2시간 30분,Jin Air,11:45,14:05,2시간 20분,2516402,629100
2026-07-08 00:46:31,3박4일,PUS,2027-01-25,2027-01-28,Jin Air,09:30,12:00,2시간 30분,Jin Air,11:45,14:05,2시간 20분,2516402,629100
2026-07-08 00:46:31,2박3일,PUS,2027-01-26,2027-01-28,Jin Air,09:30,12:00,2시간 30분,Jin Air,11:45,14:05,2시간 20분,2436402,609100
2026-07-08 00:46:31,3박4일,PUS,2027-01-27,2027-01-30,Jin Air,09:30,12:00,2시간 30분,Jin Air,11:45,14:05,2시간 20분,2526236,631559
2026-07-08 00:46:31,2박3일,PUS,2027-01-28,2027-01-30,Jin Air,09:30,12:00,2시간 30분,Jin Air,11:45,14:05,2시간 20분,2526236,631559
2026-07-08 00:46:31,3박4일,PUS,2027-01-29,2027-02-01,Jin Air,09:30,12:00,2시간 30분,Jin Air,11:45,14:05,2시간 20분,2606236,651559
2026-07-08 00:46:31,2박3일,PUS,2027-01-30,2027-02-01,Jin Air,09:30,12:00,2시간 30분,Jin Air,11:45,14:05,2시간 20분,2606236,651559
2026-07-08 00:46:31,3박4일,PUS,2027-01-30,2027-02-02,Jin Air,09:30,12:00,2시간 30분,Jin Air,11:45,14:05,2시간 20분,2606236,651559
2026-07-08 00:46:31,2박3일,PUS,2027-02-01,2027-02-03,Jin Air,09:30,12:00,2시간 30분,Jin Air,11:45,14:05,2시간 20분,2606236,651559
2026-07-08 00:46:31,2박3일,PUS,2027-02-03,2027-02-05,Jin Air,09:30,12:00,2시간 30분,Korean Air,12:45,15:05,2시간 20분,2681573,670393
2026-07-08 00:46:31,3박4일,PUS,2027-02-05,2027-02-08,Korean Air,09:25,11:35,2시간 10분,Jin Air,11:45,14:05,2시간 20분,3838796,959699
2026-07-08 00:46:31,2박3일,PUS,2027-02-06,2027-02-08,Korean Air,16:20,18:30,2시간 10분,Jin Air,11:45,14:05,2시간 20분,3838796,959699
2026-07-08 00:46:31,3박4일,PUS,2027-02-11,2027-02-14,Jin Air,09:30,12:00,2시간 30분,Jin Air,11:45,14:05,2시간 20분,3032945,758236
2026-07-08 00:46:31,2박3일,PUS,2027-02-12,2027-02-14,Jin Air,09:30,12:00,2시간 30분,Jin Air,11:45,14:05,2시간 20분,3032945,758236
2026-07-08 00:46:31,2박3일,PUS,2027-02-15,2027-02-17,Korean Air,09:25,11:35,2시간 10분,Jin Air,11:45,14:05,2시간 20분,2813036,703259
2026-07-08 00:46:31,3박4일,PUS,2027-02-16,2027-02-19,Jin Air,09:30,12:00,2시간 30분,Korean Air,12:45,15:05,2시간 20분,2681573,670393
2026-07-08 00:46:31,3박4일,PUS,2027-02-21,2027-02-24,Jin Air,09:30,12:00,2시간 30분,Jin Air,11:45,14:05,2시간 20분,2606236,651559
2026-07-08 08:44:06,3박4일,PUS,2027-01-28,2027-01-31,Jin Air,09:30,12:00,2시간 30분,Jin Air,11:45,14:05,2시간 20분,2521951,630488
2026-07-08 08:44:06,2박3일,PUS,2027-01-29,2027-01-31,Jin Air,09:30,12:00,2시간 30분,Jin Air,11:45,14:05,2시간 20분,2601951,650488
2026-07-08 08:44:06,3박4일,PUS,2027-01-29,2027-02-01,Jin Air,09:30,12:00,2시간 30분,Jin Air,11:45,14:05,2시간 20분,2601951,650488
2026-07-08 08:44:06,2박3일,PUS,2027-01-31,2027-02-02,Jin Air,09:30,12:00,2시간 30분,Jin Air,11:45,14:05,2시간 20분,2601951,650488
2026-07-08 08:44:06,3박4일,PUS,2027-02-01,2027-02-04,Jin Air,09:30,12:00,2시간 30분,Jin Air,11:45,14:05,2시간 20분,2601951,650488
2026-07-08 08:44:06,2박3일,PUS,2027-02-03,2027-02-05,Jin Air,09:30,12:00,2시간 30분,Korean Air,12:45,15:05,2시간 20분,2676762,669190
2026-07-08 08:44:06,2박3일,PUS,2027-02-06,2027-02-08,Korean Air,16:20,18:30,2시간 10분,Jin Air,11:45,14:05,2시간 20분,3831297,957824
2026-07-08 08:44:06,2박3일,PUS,2027-02-09,2027-02-11,Korean Air,16:20,18:30,2시간 10분,Korean Air,12:45,15:05,2시간 20분,3192201,798050
2026-07-08 08:44:06,2박3일,PUS,2027-02-11,2027-02-13,Jin Air,09:30,12:00,2시간 30분,Jin Air,11:45,14:05,2시간 20분,2915304,728826
2026-07-08 08:44:06,3박4일,PUS,2027-02-11,2027-02-14,Jin Air,09:30,12:00,2시간 30분,Jin Air,11:45,14:05,2시간 20분,3027215,756804
2026-07-08 08:44:06,2박3일,PUS,2027-02-13,2027-02-15,Korean Air,09:25,11:35,2시간 10분,Jin Air,11:45,14:05,2시간 20분,2884351,721088
2026-07-08 08:44:06,3박4일,PUS,2027-02-15,2027-02-18,Korean Air,09:25,11:35,2시간 10분,Jin Air,11:45,14:05,2시간 20분,2808351,702088
2026-07-08 08:44:06,2박3일,PUS,2027-02-16,2027-02-18,Jin Air,09:30,12:00,2시간 30분,Jin Air,11:45,14:05,2시간 20분,2521951,630488
2026-07-08 08:44:06,3박4일,PUS,2027-02-16,2027-02-19,Jin Air,09:30,12:00,2시간 30분,Korean Air,12:45,15:05,2시간 20분,2676762,669190
2026-07-08 08:44:06,2박3일,PUS,2027-02-17,2027-02-19,Jin Air,09:30,12:00,2시간 30분,Korean Air,12:45,15:05,2시간 20분,2676762,669190
2026-07-08 08:44:06,3박4일,PUS,2027-02-17,2027-02-20,Jin Air,09:30,12:00,2시간 30분,Jin Air,11:45,14:05,2시간 20분,3350097,837524
2026-07-08 08:44:06,2박3일,PUS,2027-02-19,2027-02-21,Jin Air,09:30,12:00,2시간 30분,Korean Air,12:45,15:05,2시간 20분,3241712,810428
2026-07-08 08:44:06,3박4일,PUS,2027-02-19,2027-02-22,Jin Air,09:30,12:00,2시간 30분,Jin Air,11:45,14:05,2시간 20분,2601951,650488
2026-07-08 08:44:06,2박3일,PUS,2027-02-20,2027-02-22,Jin Air,09:30,12:00,2시간 30분,Jin Air,11:45,14:05,2시간 20분,2601951,650488
2026-07-08 08:44:06,3박4일,PUS,2027-02-20,2027-02-23,Jin Air,09:30,12:00,2시간 30분,Jin Air,11:45,14:05,2시간 20분,2601951,650488
2026-07-08 08:44:06,2박3일,PUS,2027-02-21,2027-02-23,Jin Air,09:30,12:00,2시간 30분,Jin Air,11:45,14:05,2시간 20분,2601951,650488
2026-07-08 08:44:06,3박4일,PUS,2027-02-21,2027-02-24,Jin Air,09:30,12:00,2시간 30분,Jin Air,11:45,14:05,2시간 20분,2601951,650488
2026-07-08 16:36:12,2박3일,PUS,2027-01-26,2027-01-28,Jin Air,09:30,12:00,2시간 30분,Jin Air,11:45,14:05,2시간 20분,2423992,605998
2026-07-08 16:36:12,3박4일,PUS,2027-01-27,2027-01-30,Jin Air,09:30,12:00,2시간 30분,Jeju Air,10:15,13:00,2시간 45분,2394714,598678
2026-07-08 16:36:12,2박3일,PUS,2027-01-28,2027-01-30,Jin Air,13:30,15:35,2시간 5분,Jeju Air,10:15,13:00,2시간 45분,2394714,598678
2026-07-08 16:36:12,3박4일,PUS,2027-01-29,2027-02-01,Jin Air,13:30,15:35,2시간 5분,Jin Air,11:45,14:05,2시간 20분,2592936,648234
2026-07-08 16:36:12,2박3일,PUS,2027-01-30,2027-02-01,Jin Air,13:30,15:35,2시간 5분,Jin Air,11:45,14:05,2시간 20분,2592936,648234
2026-07-08 16:36:12,2박3일,PUS,2027-02-01,2027-02-03,Jin Air,09:30,12:00,2시간 30분,Jin Air,11:45,14:05,2시간 20분,2592936,648234
2026-07-08 16:36:12,3박4일,PUS,2027-02-01,2027-02-04,Jin Air,09:30,12:00,2시간 30분,Jin Air,11:45,14:05,2시간 20분,2592936,648234
2026-07-08 16:36:12,2박3일,PUS,2027-02-05,2027-02-07,Korean Air,09:25,11:35,2시간 10분,Korean Air,12:45,15:05,2시간 20분,3147934,786984
2026-07-08 16:36:12,3박4일,PUS,2027-02-05,2027-02-08,Korean Air,09:25,11:35,2시간 10분,Jin Air,11:45,14:05,2시간 20분,3816866,954216
2026-07-08 16:36:12,2박3일,PUS,2027-02-06,2027-02-08,Korean Air,16:20,18:30,2시간 10분,Jin Air,11:45,14:05,2시간 20분,3816866,954216
2026-07-08 16:36:12,3박4일,PUS,2027-02-09,2027-02-12,Jeju Air,07:10,09:15,2시간 5분,Jeju Air,10:15,13:00,2시간 45분,1991556,497889
2026-07-08 16:36:12,2박3일,PUS,2027-02-12,2027-02-14,Jin Air,13:30,15:35,2시간 5분,Jeju Air,10:15,13:00,2시간 45분,2763782,690946
2026-07-08 16:36:12,2박3일,PUS,2027-02-15,2027-02-17,Korean Air,09:25,11:35,2시간 10분,Jin Air,11:45,14:05,2시간 20분,2799336,699834
2026-07-08 16:36:12,3박4일,PUS,2027-02-15,2027-02-18,Korean Air,09:25,11:35,2시간 10분,Jin Air,11:45,14:05,2시간 20분,2799336,699834
2026-07-08 16:36:12,2박3일,PUS,2027-02-16,2027-02-18,Jin Air,13:30,15:35,2시간 5분,Jin Air,11:45,14:05,2시간 20분,2512936,628234
2026-07-08 16:36:12,3박4일,PUS,2027-02-16,2027-02-19,Jin Air,13:30,15:35,2시간 5분,Jeju Air,10:15,13:00,2시간 45분,2605956,651489
2026-07-08 16:36:12,2박3일,PUS,2027-02-17,2027-02-19,Jin Air,09:30,12:00,2시간 30분,Jeju Air,10:15,13:00,2시간 45분,2605956,651489
2026-07-08 16:36:12,3박4일,PUS,2027-02-17,2027-02-20,Jin Air,09:30,12:00,2시간 30분,Jin Air,11:45,14:05,2시간 20분,3335666,833916
2026-07-08 16:36:12,2박3일,PUS,2027-02-18,2027-02-20,Jin Air,09:30,12:00,2시간 30분,Jin Air,11:45,14:05,2시간 20분,3335666,833916
2026-07-08 16:36:12,3박4일,PUS,2027-02-18,2027-02-21,Jin Air,09:30,12:00,2시간 30분,Jeju Air,10:15,13:00,2시간 45분,2683782,670946
2026-07-08 16:36:12,2박3일,PUS,2027-02-20,2027-02-22,Jin Air,09:30,12:00,2시간 30분,Jin Air,11:45,14:05,2시간 20분,2592936,648234
2026-07-08 16:36:12,3박4일,PUS,2027-02-20,2027-02-23,Jin Air,09:30,12:00,2시간 30분,Jin Air,11:45,14:05,2시간 20분,2592936,648234
2026-07-09 00:28:06,3박4일,PUS,2027-01-25,2027-01-28,Jin Air,13:30,15:35,2시간 5분,Jeju Air,10:15,13:00,2시간 45분,2342857,585714
2026-07-09 00:28:06,2박3일,PUS,2027-02-01,2027-02-03,Jin Air,13:30,15:35,2시간 5분,Jin Air,11:45,14:05,2시간 20분,2594844,648711
2026-07-09 00:28:06,2박3일,PUS,2027-02-04,2027-02-06,Jeju Air,07:10,09:15,2시간 5분,Korean Air,12:45,15:05,2시간 20분,2730457,682614
2026-07-09 00:28:06,3박4일,PUS,2027-02-05,2027-02-08,Korean Air,09:25,11:35,2시간 10분,Jin Air,11:45,14:05,2시간 20분,3819921,954980
2026-07-09 00:28:06,2박3일,PUS,2027-02-06,2027-02-08,Korean Air,16:20,18:30,2시간 10분,Jin Air,11:45,14:05,2시간 20분,3819921,954980
2026-07-09 00:28:06,2박3일,PUS,2027-02-08,2027-02-10,Korean Air,16:20,18:30,2시간 10분,Jin Air,11:45,14:05,2시간 20분,3481121,870280
2026-07-09 00:28:06,2박3일,PUS,2027-02-12,2027-02-14,Jin Air,13:30,15:35,2시간 5분,Jeju Air,10:15,13:00,2시간 45분,2765929,691482
2026-07-09 00:28:06,3박4일,PUS,2027-02-12,2027-02-15,Jin Air,13:30,15:35,2시간 5분,Jin Air,11:45,14:05,2시간 20분,2594844,648711
2026-07-09 00:28:06,2박3일,PUS,2027-02-13,2027-02-15,Korean Air,09:25,11:35,2시간 10분,Jin Air,11:45,14:05,2시간 20분,2877244,719311
2026-07-09 00:28:06,2박3일,PUS,2027-02-15,2027-02-17,Korean Air,09:25,11:35,2시간 10분,Jin Air,11:45,14:05,2시간 20분,2801244,700311
2026-07-09 00:28:06,3박4일,PUS,2027-02-15,2027-02-18,Korean Air,09:25,11:35,2시간 10분,Jeju Air,10:15,13:00,2시간 45분,2723681,680920
2026-07-09 00:28:06,2박3일,PUS,2027-02-17,2027-02-19,Jin Air,13:30,15:35,2시간 5분,Jeju Air,10:15,13:00,2시간 45분,2607994,651998
2026-07-09 00:28:06,3박4일,PUS,2027-02-17,2027-02-20,Jin Air,13:30,15:35,2시간 5분,Jin Air,11:45,14:05,2시간 20분,3338721,834680
2026-07-09 00:28:06,2박3일,PUS,2027-02-19,2027-02-21,Jin Air,13:30,15:35,2시간 5분,Jeju Air,10:15,13:00,2시간 45분,2765929,691482
2026-07-09 00:28:06,3박4일,PUS,2027-02-19,2027-02-22,Jin Air,13:30,15:35,2시간 5분,Jin Air,11:45,14:05,2시간 20분,2594844,648711
2026-07-09 08:58:28,3박4일,PUS,2027-01-25,2027-01-28,Jin Air,13:30,15:35,2시간 5분,Jeju Air,10:15,13:00,2시간 45분,2345104,586276
2026-07-09 08:58:28,2박3일,PUS,2027-01-26,2027-01-28,Jin Air,13:30,15:35,2시간 5분,Jeju Air,10:15,13:00,2시간 45분,2265104,566276
2026-07-09 08:58:28,3박4일,PUS,2027-01-26,2027-01-29,Jin Air,13:30,15:35,2시간 5분,Jeju Air,10:15,13:00,2시간 45분,2399213,599803
2026-07-09 08:58:28,2박3일,PUS,2027-01-27,2027-01-29,Jeju Air,07:10,09:15,2시간 5분,Jeju Air,10:15,13:00,2시간 45분,1946013,486503
2026-07-09 08:58:28,3박4일,PUS,2027-01-27,2027-01-30,Jeju Air,07:10,09:15,2시간 5분,Jeju Air,10:15,13:00,2시간 45분,1946013,486503
2026-07-09 08:58:28,2박3일,PUS,2027-01-28,2027-01-30,Jeju Air,07:10,09:15,2시간 5분,Jeju Air,10:15,13:00,2시간 45분,2066013,516503
2026-07-09 08:58:28,3박4일,PUS,2027-01-29,2027-02-01,Jeju Air,07:10,09:15,2시간 5분,Jin Air,11:45,14:05,2시간 20분,2260848,565212
2026-07-09 08:58:28,2박3일,PUS,2027-01-30,2027-02-01,Jeju Air,07:10,09:15,2시간 5분,Jin Air,11:45,14:05,2시간 20분,2320848,580212
2026-07-09 08:58:28,3박4일,PUS,2027-01-31,2027-02-03,Jeju Air,07:10,09:15,2시간 5분,Jin Air,11:45,14:05,2시간 20분,2200848,550212
2026-07-09 08:58:28,2박3일,PUS,2027-02-02,2027-02-04,Jeju Air,07:10,09:15,2시간 5분,Jeju Air,10:15,13:00,2시간 45분,2001891,500473
2026-07-09 08:58:28,3박4일,PUS,2027-02-02,2027-02-05,Jeju Air,07:10,09:15,2시간 5분,Jeju Air,10:15,13:00,2시간 45분,2158351,539588
2026-07-09 08:58:28,2박3일,PUS,2027-02-03,2027-02-05,Jeju Air,07:10,09:15,2시간 5분,Jeju Air,10:15,13:00,2시간 45분,2158351,539588
2026-07-09 08:58:28,3박4일,PUS,2027-02-03,2027-02-06,Jeju Air,07:10,09:15,2시간 5분,Korean Air,12:45,15:05,2시간 20분,2219445,554861
2026-07-09 08:58:28,2박3일,PUS,2027-02-04,2027-02-06,Jeju Air,07:10,09:15,2시간 5분,Korean Air,12:45,15:05,2시간 20분,2735445,683861
2026-07-09 08:58:28,3박4일,PUS,2027-02-06,2027-02-09,Korean Air,16:20,18:30,2시간 10분,Jeju Air,10:15,13:00,2시간 45분,3668438,917110
2026-07-09 08:58:28,2박3일,PUS,2027-02-07,2027-02-09,Jeju Air,07:10,09:15,2시간 5분,Jeju Air,10:15,13:00,2시간 45분,3248038,812010
2026-07-09 08:58:28,3박4일,PUS,2027-02-07,2027-02-10,Jeju Air,07:10,09:15,2시간 5분,Jin Air,11:45,14:05,2시간 20분,3407850,851962
2026-07-09 08:58:28,2박3일,PUS,2027-02-08,2027-02-10,Korean Air,16:20,18:30,2시간 10분,Jin Air,11:45,14:05,2시간 20분,3489450,872362
2026-07-09 08:58:28,3박4일,PUS,2027-02-08,2027-02-11,Korean Air,16:20,18:30,2시간 10분,Korean Air,12:45,15:05,2시간 20분,3189569,797392
2026-07-09 08:58:28,2박3일,PUS,2027-02-09,2027-02-11,Jeju Air,07:10,09:15,2시간 5분,Korean Air,12:45,15:05,2시간 20분,2431969,607992
2026-07-09 08:58:28,2박3일,PUS,2027-02-12,2027-02-14,Jeju Air,07:10,09:15,2시간 5분,Jeju Air,10:15,13:00,2시간 45분,2432581,608145
2026-07-09 08:58:28,2박3일,PUS,2027-02-14,2027-02-16,Jeju Air,10:45,12:55,2시간 10분,Jeju Air,10:15,13:00,2시간 45분,2787390,696848
2026-07-09 08:58:28,3박4일,PUS,2027-02-14,2027-02-17,Jeju Air,10:45,12:55,2시간 10분,Jin Air,11:45,14:05,2시간 20분,2865248,716312
2026-07-09 08:58:28,2박3일,PUS,2027-02-15,2027-02-17,Korean Air,09:25,11:35,2시간 10분,Jin Air,11:45,14:05,2시간 20분,2806448,701612
2026-07-09 08:58:28,2박3일,PUS,2027-02-18,2027-02-20,Jin Air,13:30,15:35,2시간 5분,Jeju Air,10:15,13:00,2시간 45분,3185238,796310
2026-07-09 08:58:28,3박4일,PUS,2027-02-18,2027-02-21,Jin Air,13:30,15:35,2시간 5분,Jeju Air,10:15,13:00,2시간 45분,2689781,672445
2026-07-09 17:34:22,2박3일,PUS,2027-01-25,2027-01-27,Jin Air,13:30,15:35,2시간 5분,Jeju Air,10:15,13:00,2시간 45분,2290512,572628
2026-07-09 17:34:22,3박4일,PUS,2027-01-29,2027-02-01,Jeju Air,07:10,09:15,2시간 5분,Jeju Air,10:15,13:00,2시간 45분,2068934,517234
2026-07-09 17:34:22,2박3일,PUS,2027-01-30,2027-02-01,Jeju Air,07:10,09:15,2시간 5분,Jeju Air,10:15,13:00,2시간 45분,2128934,532234
2026-07-09 17:34:22,3박4일,PUS,2027-01-31,2027-02-03,Jeju Air,07:10,09:15,2시간 5분,Jeju Air,10:15,13:00,2시간 45분,2068609,517152
2026-07-09 17:34:22,2박3일,PUS,2027-02-01,2027-02-03,Jeju Air,07:10,09:15,2시간 5분,Jeju Air,10:15,13:00,2시간 45분,2052609,513152
2026-07-09 17:34:22,2박3일,PUS,2027-02-03,2027-02-05,Jeju Air,07:10,09:15,2시간 5분,Jeju Air,10:15,13:00,2시간 45분,2160122,540030
2026-07-09 17:34:22,2박3일,PUS,2027-02-05,2027-02-07,Jeju Air,07:10,09:15,2시간 5분,Korean Air,12:45,15:05,2시간 20분,3021690,755422
2026-07-09 17:34:22,3박4일,PUS,2027-02-05,2027-02-08,Jeju Air,07:10,09:15,2시간 5분,Jeju Air,14:05,16:45,2시간 40분,3534900,883725
2026-07-09 17:34:22,2박3일,PUS,2027-02-06,2027-02-08,Korean Air,16:20,18:30,2시간 10분,Jeju Air,14:05,16:45,2시간 40분,3670900,917725
2026-07-09 17:34:22,3박4일,PUS,2027-02-07,2027-02-10,Jeju Air,07:10,09:15,2시간 5분,Jeju Air,14:05,16:45,2시간 40분,3250500,812625
2026-07-09 17:34:22,3박4일,PUS,2027-02-09,2027-02-12,Jeju Air,07:10,09:15,2시간 5분,Jeju Air,10:15,13:00,2시간 45분,2000122,500030
2026-07-09 17:34:22,2박3일,PUS,2027-02-10,2027-02-12,Jeju Air,07:10,09:15,2시간 5분,Jeju Air,10:15,13:00,2시간 45분,2176122,544030
2026-07-09 17:34:22,3박4일,PUS,2027-02-13,2027-02-16,Korean Air,09:25,11:35,2시간 10분,Jeju Air,10:15,13:00,2시간 45분,2730155,682539
2026-07-09 17:34:22,2박3일,PUS,2027-02-14,2027-02-16,Jeju Air,10:45,12:55,2시간 10분,Jeju Air,10:15,13:00,2시간 45분,2788955,697239
2026-07-09 17:34:22,3박4일,PUS,2027-02-14,2027-02-17,Jeju Air,10:45,12:55,2시간 10분,Jeju Air,10:15,13:00,2시간 45분,2733009,683252
2026-07-09 17:34:22,2박3일,PUS,2027-02-15,2027-02-17,Jeju Air,07:10,09:15,2시간 5분,Jeju Air,10:15,13:00,2시간 45분,2432609,608152
2026-07-09 17:34:22,3박4일,PUS,2027-02-15,2027-02-18,Jeju Air,07:10,09:15,2시간 5분,Jeju Air,10:15,13:00,2시간 45분,2488555,622139
2026-07-09 17:34:22,2박3일,PUS,2027-02-16,2027-02-18,Jeju Air,07:10,09:15,2시간 5분,Jeju Air,10:15,13:00,2시간 45분,2348555,587139
2026-07-09 17:34:22,3박4일,PUS,2027-02-16,2027-02-19,Jeju Air,07:10,09:15,2시간 5분,Jeju Air,10:15,13:00,2시간 45분,2520122,630030
2026-07-09 17:34:22,2박3일,PUS,2027-02-17,2027-02-19,Jin Air,09:30,12:00,2시간 30분,Jeju Air,10:15,13:00,2시간 45분,2613322,653330
2026-07-09 17:34:22,3박4일,PUS,2027-02-17,2027-02-20,Jin Air,09:30,12:00,2시간 30분,Jeju Air,14:05,16:45,2시간 40분,3187700,796925
2026-07-09 17:34:22,2박3일,PUS,2027-02-18,2027-02-20,Jin Air,13:30,15:35,2시간 5분,Jeju Air,14:05,16:45,2시간 40분,3187700,796925
2026-07-09 17:34:22,3박4일,PUS,2027-02-18,2027-02-21,Jin Air,13:30,15:35,2시간 5분,Jeju Air,10:15,13:00,2시간 45분,2691647,672912
2026-07-09 17:34:22,2박3일,PUS,2027-02-19,2027-02-21,Jin Air,13:30,15:35,2시간 5분,Jeju Air,10:15,13:00,2시간 45분,2771647,692912
2026-07-09 17:34:22,3박4일,PUS,2027-02-19,2027-02-22,Jin Air,13:30,15:35,2시간 5분,Jin Air,16:35,18:50,2시간 15분,2599706,649926
2026-07-09 17:34:22,2박3일,PUS,2027-02-20,2027-02-22,Jin Air,13:30,15:35,2시간 5분,Jin Air,16:35,18:50,2시간 15분,2599706,649926
2026-07-10 01:06:05,3박4일,PUS,2027-01-30,2027-02-02,Jeju Air,07:10,09:15,2시간 5분,Jeju Air,10:15,13:00,2시간 45분,2065702,516426
2026-07-10 01:06:05,2박3일,PUS,2027-02-04,2027-02-06,Jeju Air,07:10,09:15,2시간 5분,Korean Air,12:45,15:05,2시간 20분,2732444,683111
2026-07-10 01:06:05,2박3일,PUS,2027-02-06,2027-02-08,Jeju Air,07:10,09:15,2시간 5분,Jeju Air,14:05,16:45,2시간 40분,3528432,882108
2026-07-10 01:06:05,3박4일,PUS,2027-02-06,2027-02-09,Jeju Air,07:10,09:15,2시간 5분,Jeju Air,14:05,16:45,2시간 40분,3528432,882108
2026-07-10 01:06:05,3박4일,PUS,2027-02-10,2027-02-13,Jeju Air,07:10,09:15,2시간 5분,Jeju Air,10:15,13:00,2시간 45분,2169070,542268
2026-07-10 01:06:05,2박3일,PUS,2027-02-16,2027-02-18,Jeju Air,07:10,09:15,2시간 5분,Jeju Air,10:15,13:00,2시간 45분,2342045,585511
2026-07-10 01:06:05,3박4일,PUS,2027-02-16,2027-02-19,Jeju Air,07:10,09:15,2시간 5분,Jeju Air,10:15,13:00,2시간 45분,2513070,628268
2026-07-10 01:06:05,2박3일,PUS,2027-02-17,2027-02-19,Jeju Air,07:10,09:15,2시간 5분,Jeju Air,10:15,13:00,2시간 45분,2515470,628868
2026-07-10 01:06:05,3박4일,PUS,2027-02-20,2027-02-23,Jin Air,13:30,15:35,2시간 5분,Jeju Air,10:15,13:00,2시간 45분,2517645,629411
2026-07-10 01:06:05,2박3일,PUS,2027-02-21,2027-02-23,Jeju Air,07:10,09:15,2시간 5분,Jeju Air,10:15,13:00,2시간 45분,2500445,625111
2026-07-10 08:56:42,3박4일,PUS,2027-01-26,2027-01-29,Jin Air,09:30,12:00,2시간 30분,Jeju Air,10:15,13:00,2시간 45분,2393074,598268
2026-07-10 08:56:42,2박3일,PUS,2027-01-27,2027-01-29,Jeju Air,07:10,09:15,2시간 5분,Jeju Air,10:15,13:00,2시간 45분,1939074,484768
2026-07-10 08:56:42,3박4일,PUS,2027-01-27,2027-01-30,Jeju Air,07:10,09:15,2시간 5분,Jeju Air,10:15,13:00,2시간 45분,1939074,484768
2026-07-10 08:56:42,2박3일,PUS,2027-01-28,2027-01-30,Jeju Air,07:10,09:15,2시간 5분,Jeju Air,10:15,13:00,2시간 45분,2059074,514768
2026-07-10 08:56:42,3박4일,PUS,2027-01-28,2027-01-31,Jeju Air,07:10,09:15,2시간 5분,Jeju Air,10:15,13:00,2시간 45분,2114751,528688
2026-07-10 08:56:42,2박3일,PUS,2027-01-30,2027-02-01,Jeju Air,07:10,09:15,2시간 5분,Jeju Air,10:15,13:00,2시간 45분,2120838,530210
2026-07-10 08:56:42,3박4일,PUS,2027-01-30,2027-02-02,Jeju Air,07:10,09:15,2시간 5분,Jeju Air,10:15,13:00,2시간 45분,2061449,515362
2026-07-10 08:56:42,2박3일,PUS,2027-01-31,2027-02-02,Jeju Air,07:10,09:15,2시간 5분,Jeju Air,10:15,13:00,2시간 45분,1941449,485362
2026-07-10 08:56:42,3박4일,PUS,2027-01-31,2027-02-03,Jeju Air,07:10,09:15,2시간 5분,Jeju Air,10:15,13:00,2시간 45분,2060227,515057
2026-07-10 08:56:42,3박4일,PUS,2027-02-02,2027-02-05,Jeju Air,07:10,09:15,2시간 5분,Jeju Air,10:15,13:00,2시간 45분,2150646,537662
2026-07-10 08:56:42,3박4일,PUS,2027-02-05,2027-02-08,Jeju Air,07:10,09:15,2시간 5분,Jeju Air,14:05,16:45,2시간 40분,3522663,880666
2026-07-10 08:56:42,3박4일,PUS,2027-02-07,2027-02-10,Jeju Air,07:10,09:15,2시간 5분,Jeju Air,14:05,16:45,2시간 40분,3238263,809566
2026-07-10 08:56:42,2박3일,PUS,2027-02-09,2027-02-11,Jeju Air,07:10,09:15,2시간 5분,Korean Air,12:45,15:05,2시간 20분,2422699,605675
2026-07-10 08:56:42,3박4일,PUS,2027-02-09,2027-02-12,Jeju Air,07:10,09:15,2시간 5분,Jeju Air,10:15,13:00,2시간 45분,1990646,497662
2026-07-10 08:56:42,2박3일,PUS,2027-02-10,2027-02-12,Jeju Air,07:10,09:15,2시간 5분,Jeju Air,10:15,13:00,2시간 45분,2166646,541662
2026-07-10 08:56:42,3박4일,PUS,2027-02-10,2027-02-13,Jeju Air,07:10,09:15,2시간 5분,Jeju Air,10:15,13:00,2시간 45분,2166646,541662
2026-07-10 08:56:42,2박3일,PUS,2027-02-11,2027-02-13,Jeju Air,07:10,09:15,2시간 5분,Jeju Air,10:15,13:00,2시간 45분,2286646,571662
2026-07-10 08:56:42,3박4일,PUS,2027-02-11,2027-02-14,Jeju Air,07:10,09:15,2시간 5분,Jeju Air,10:15,13:00,2시간 45분,2364594,591148
2026-07-10 08:56:42,2박3일,PUS,2027-02-12,2027-02-14,Jeju Air,07:10,09:15,2시간 5분,Jeju Air,10:15,13:00,2시간 45분,2424594,606148
2026-07-10 08:56:42,3박4일,PUS,2027-02-13,2027-02-16,Jeju Air,07:10,09:15,2시간 5분,Jeju Air,10:15,13:00,2시간 45분,2415904,603976
2026-07-10 08:56:42,2박3일,PUS,2027-02-14,2027-02-16,Jeju Air,10:45,12:55,2시간 10분,Jeju Air,10:15,13:00,2시간 45분,2780304,695076
2026-07-10 08:56:42,3박4일,PUS,2027-02-15,2027-02-18,Jeju Air,07:10,09:15,2시간 5분,Jeju Air,10:15,13:00,2시간 45분,2479904,619976
2026-07-10 08:56:42,2박3일,PUS,2027-02-18,2027-02-20,Jin Air,13:30,15:35,2시간 5분,Jeju Air,14:05,16:45,2시간 40분,3176263,794066
2026-07-10 08:56:42,3박4일,PUS,2027-02-18,2027-02-21,Jin Air,13:30,15:35,2시간 5분,Jeju Air,10:15,13:00,2시간 45분,2682594,670648
2026-07-10 08:56:42,2박3일,PUS,2027-02-19,2027-02-21,Jin Air,13:30,15:35,2시간 5분,Jeju Air,10:15,13:00,2시간 45분,2762594,690648
2026-07-10 08:56:42,3박4일,PUS,2027-02-19,2027-02-22,Jin Air,13:30,15:35,2시간 5분,Jin Air,16:35,18:50,2시간 15분,2591480,647870
2026-07-10 08:56:42,2박3일,PUS,2027-02-20,2027-02-22,Jin Air,13:30,15:35,2시간 5분,Jin Air,16:35,18:50,2시간 15분,2591480,647870
2026-07-10 08:56:42,3박4일,PUS,2027-02-20,2027-02-23,Jin Air,13:30,15:35,2시간 5분,Jeju Air,10:15,13:00,2시간 45분,2513904,628476
2026-07-10 17:28:52,2박3일,PUS,2027-01-26,2027-01-28,Jeju Air,07:10,09:15,2시간 5분,Jeju Air,10:15,13:00,2시간 45분,1989633,497408
2026-07-10 17:28:52,3박4일,PUS,2027-01-26,2027-01-29,Jeju Air,07:10,09:15,2시간 5분,Jeju Air,10:15,13:00,2시간 45분,2123757,530939
2026-07-10 17:28:52,2박3일,PUS,2027-01-27,2027-01-29,Jeju Air,07:10,09:15,2시간 5분,Jeju Air,10:15,13:00,2시간 45분,1943757,485939
2026-07-10 17:28:52,3박4일,PUS,2027-01-27,2027-01-30,Jeju Air,07:10,09:15,2시간 5분,Jeju Air,10:15,13:00,2시간 45분,1943757,485939
2026-07-10 17:28:52,2박3일,PUS,2027-01-28,2027-01-30,Jeju Air,07:10,09:15,2시간 5분,Jeju Air,10:15,13:00,2시간 45분,2063757,515939
2026-07-10 17:28:52,3박4일,PUS,2027-01-28,2027-01-31,Jeju Air,07:10,09:15,2시간 5분,Jeju Air,10:15,13:00,2시간 45분,2119642,529910
2026-07-10 17:28:52,2박3일,PUS,2027-01-31,2027-02-02,Jeju Air,07:10,09:15,2시간 5분,Jeju Air,10:15,13:00,2시간 45분,1945633,486408
2026-07-10 17:28:52,3박4일,PUS,2027-02-01,2027-02-04,Jeju Air,07:10,09:15,2시간 5분,Jeju Air,10:15,13:00,2시간 45분,2119642,529910
2026-07-10 17:28:52,2박3일,PUS,2027-02-04,2027-02-06,Jeju Air,07:10,09:15,2시간 5분,Korean Air,12:45,15:05,2시간 20분,3031274,757818
2026-07-10 17:28:52,3박4일,PUS,2027-02-04,2027-02-07,Jeju Air,07:10,09:15,2시간 5분,Korean Air,12:45,15:05,2시간 20분,2733221,683305
2026-07-10 17:28:52,2박3일,PUS,2027-02-07,2027-02-09,Jeju Air,07:10,09:15,2시간 5분,Jeju Air,10:15,13:00,2시간 45분,3245872,811468
2026-07-10 17:28:52,3박4일,PUS,2027-02-07,2027-02-10,Jeju Air,07:10,09:15,2시간 5분,Jeju Air,14:05,16:45,2시간 40분,3245872,811468
2026-07-10 17:28:52,2박3일,PUS,2027-02-09,2027-02-11,Jeju Air,07:10,09:15,2시간 5분,Korean Air,12:45,15:05,2시간 20분,2429787,607447
2026-07-10 17:28:52,3박4일,PUS,2027-02-09,2027-02-12,Jeju Air,07:10,09:15,2시간 5분,Jeju Air,10:15,13:00,2시간 45분,1996120,499030
2026-07-10 17:28:52,2박3일,PUS,2027-02-10,2027-02-12,Jeju Air,07:10,09:15,2시간 5분,Jeju Air,10:15,13:00,2시간 45분,1956120,489030
2026-07-10 17:28:52,3박4일,PUS,2027-02-10,2027-02-13,Jeju Air,07:10,09:15,2시간 5분,Jeju Air,10:15,13:00,2시간 45분,1956120,489030
2026-07-10 17:28:52,2박3일,PUS,2027-02-11,2027-02-13,Jeju Air,07:10,09:15,2시간 5분,Jeju Air,10:15,13:00,2시간 45분,2292120,573030
2026-07-10 17:28:52,3박4일,PUS,2027-02-11,2027-02-14,Jeju Air,07:10,09:15,2시간 5분,Jeju Air,10:15,13:00,2시간 45분,2370359,592590
2026-07-10 17:28:52,2박3일,PUS,2027-02-12,2027-02-14,Jeju Air,07:10,09:15,2시간 5분,Jeju Air,10:15,13:00,2시간 45분,2430359,607590
2026-07-10 17:28:52,3박4일,PUS,2027-02-12,2027-02-15,Jeju Air,07:10,09:15,2시간 5분,Jin Air,11:45,14:05,2시간 20분,2258606,564652
2026-07-10 17:28:52,2박3일,PUS,2027-02-15,2027-02-17,Jeju Air,07:10,09:15,2시간 5분,Jeju Air,10:15,13:00,2시간 45분,2428854,607214
2026-07-10 17:28:52,2박3일,PUS,2027-02-17,2027-02-19,Jeju Air,07:10,09:15,2시간 5분,Jeju Air,10:15,13:00,2시간 45분,2516120,629030
2026-07-10 17:28:52,3박4일,PUS,2027-02-17,2027-02-20,Jeju Air,07:10,09:15,2시간 5분,Jeju Air,14:05,16:45,2시간 40분,3089872,772468
2026-07-11 00:36:04,3박4일,PUS,2027-01-27,2027-01-30,Jeju Air,07:10,09:15,2시간 5분,Jeju Air,10:15,13:00,2시간 45분,1940195,485049
2026-07-11 00:36:04,2박3일,PUS,2027-01-28,2027-01-30,Jeju Air,07:10,09:15,2시간 5분,Jeju Air,10:15,13:00,2시간 45분,2060195,515049
2026-07-11 00:36:04,3박4일,PUS,2027-01-28,2027-01-31,Jeju Air,07:10,09:15,2시간 5분,Jeju Air,10:15,13:00,2시간 45분,2115922,528980
2026-07-11 00:36:04,2박3일,PUS,2027-01-30,2027-02-01,Jeju Air,07:10,09:15,2시간 5분,Jeju Air,10:15,13:00,2시간 45분,2121893,530473
2026-07-11 00:36:04,3박4일,PUS,2027-01-30,2027-02-02,Jeju Air,07:10,09:15,2시간 5분,Jeju Air,10:15,13:00,2시간 45분,2062451,515613
2026-07-11 00:36:04,3박4일,PUS,2027-02-02,2027-02-05,Jeju Air,07:10,09:15,2시간 5분,Jeju Air,10:15,13:00,2시간 45분,2151957,537989
2026-07-11 00:36:04,2박3일,PUS,2027-02-04,2027-02-06,Jeju Air,07:10,09:15,2시간 5분,Korean Air,12:45,15:05,2시간 20분,2728885,682221
2026-07-11 00:36:04,3박4일,PUS,2027-02-04,2027-02-07,Jeju Air,07:10,09:15,2시간 5분,Korean Air,12:45,15:05,2시간 20분,2728885,682221
2026-07-11 00:36:04,2박3일,PUS,2027-02-05,2027-02-07,Jeju Air,10:45,12:55,2시간 10분,Korean Air,12:45,15:05,2시간 20분,3013285,753321
2026-07-11 00:36:04,3박4일,PUS,2027-02-05,2027-02-08,Jeju Air,10:45,12:55,2시간 10분,Jeju Air,14:05,16:45,2시간 40분,3524485,881121
2026-07-11 00:36:04,3박4일,PUS,2027-02-08,2027-02-11,Jeju Air,07:10,09:15,2시간 5분,Korean Air,19:40,22:00,2시간 20분,2534641,633660
2026-07-11 00:36:04,2박3일,PUS,2027-02-09,2027-02-11,Jeju Air,07:10,09:15,2시간 5분,Korean Air,19:40,22:00,2시간 20분,2238641,559660
2026-07-11 00:36:04,3박4일,PUS,2027-02-09,2027-02-12,Jeju Air,07:10,09:15,2시간 5분,Jeju Air,10:15,13:00,2시간 45분,1991957,497989
2026-07-11 00:36:04,2박3일,PUS,2027-02-11,2027-02-13,Jeju Air,07:10,09:15,2시간 5분,Jeju Air,10:15,13:00,2시간 45분,2287957,571989
2026-07-11 00:36:04,3박4일,PUS,2027-02-13,2027-02-16,Jeju Air,07:10,09:15,2시간 5분,Jeju Air,10:15,13:00,2시간 45분,2417062,604266
2026-07-11 00:36:04,3박4일,PUS,2027-02-15,2027-02-18,Jeju Air,07:10,09:15,2시간 5분,Jeju Air,10:15,13:00,2시간 45분,2481062,620266
2026-07-11 00:36:04,2박3일,PUS,2027-02-16,2027-02-18,Jeju Air,07:10,09:15,2시간 5분,Jeju Air,10:15,13:00,2시간 45분,2341062,585266
2026-07-11 00:36:04,3박4일,PUS,2027-02-17,2027-02-20,Jeju Air,07:10,09:15,2시간 5분,Jeju Air,14:05,16:45,2시간 40분,3084085,771021
2026-07-11 00:36:04,2박3일,PUS,2027-02-18,2027-02-20,Jin Air,13:30,15:35,2시간 5분,Jeju Air,14:05,16:45,2시간 40분,3178085,794521
2026-07-11 00:36:04,3박4일,PUS,2027-02-21,2027-02-24,Jeju Air,07:10,09:15,2시간 5분,Jeju Air,10:15,13:00,2시간 45분,2440535,610134
2026-07-11 08:45:38,3박4일,PUS,2027-01-25,2027-01-28,Jeju Air,07:10,09:15,2시간 5분,Jeju Air,10:15,13:00,2시간 45분,2103760,525940
2026-07-11 08:45:38,2박3일,PUS,2027-01-30,2027-02-01,Jeju Air,07:10,09:15,2시간 5분,Jeju Air,10:15,13:00,2시간 45분,2119101,529775
2026-07-11 08:45:38,3박4일,PUS,2027-01-30,2027-02-02,Jeju Air,07:10,09:15,2시간 5분,Jeju Air,10:15,13:00,2시간 45분,2059760,514940
2026-07-11 08:45:38,2박3일,PUS,2027-01-31,2027-02-02,Jeju Air,07:10,09:15,2시간 5분,Jeju Air,10:15,13:00,2시간 45분,1939760,484940
2026-07-11 08:45:38,3박4일,PUS,2027-02-01,2027-02-04,Jeju Air,07:10,09:15,2시간 5분,Jeju Air,10:15,13:00,2시간 45분,2112911,528228
2026-07-11 08:45:38,2박3일,PUS,2027-02-02,2027-02-04,Jeju Air,07:10,09:15,2시간 5분,Jeju Air,10:15,13:00,2시간 45분,1992911,498228
2026-07-11 08:45:38,3박4일,PUS,2027-02-02,2027-02-05,Jeju Air,07:10,09:15,2시간 5분,Jeju Air,10:15,13:00,2시간 45분,2148683,537171
2026-07-11 08:45:38,3박4일,PUS,2027-02-04,2027-02-07,Jeju Air,07:10,09:15,2시간 5분,Korean Air,12:45,15:05,2시간 20분,2725508,681377
2026-07-11 08:45:38,2박3일,PUS,2027-02-05,2027-02-07,Jeju Air,10:45,12:55,2시간 10분,Korean Air,12:45,15:05,2시간 20분,3009908,752477
2026-07-11 08:45:38,3박4일,PUS,2027-02-05,2027-02-08,Jeju Air,10:45,12:55,2시간 10분,Jeju Air,14:05,16:45,2시간 40분,3520245,880061
2026-07-11 08:45:38,2박3일,PUS,2027-02-06,2027-02-08,Jeju Air,07:10,09:15,2시간 5분,Jeju Air,14:05,16:45,2시간 40분,3520245,880061
2026-07-11 08:45:38,3박4일,PUS,2027-02-07,2027-02-10,Jeju Air,07:10,09:15,2시간 5분,Jeju Air,14:05,16:45,2시간 40분,3235845,808961
2026-07-11 08:45:38,2박3일,PUS,2027-02-09,2027-02-11,Jeju Air,07:10,09:15,2시간 5분,Korean Air,19:40,22:00,2시간 20분,2234950,558738
2026-07-11 08:45:38,3박4일,PUS,2027-02-09,2027-02-12,Jeju Air,07:10,09:15,2시간 5분,Jeju Air,10:15,13:00,2시간 45분,1988683,497171
2026-07-11 08:45:38,2박3일,PUS,2027-02-10,2027-02-12,Jeju Air,07:10,09:15,2시간 5분,Jeju Air,10:15,13:00,2시간 45분,1948683,487171
2026-07-11 08:45:38,3박4일,PUS,2027-02-10,2027-02-13,Jeju Air,07:10,09:15,2시간 5분,Jeju Air,10:15,13:00,2시간 45분,1948683,487171
2026-07-11 08:45:38,2박3일,PUS,2027-02-11,2027-02-13,Jeju Air,07:10,09:15,2시간 5분,Jeju Air,10:15,13:00,2시간 45분,2284683,571171
2026-07-11 08:45:38,3박4일,PUS,2027-02-12,2027-02-15,Jeju Air,07:10,09:15,2시간 5분,Jin Air,11:45,14:05,2시간 20분,2251591,562898
2026-07-11 08:45:38,2박3일,PUS,2027-02-13,2027-02-15,Jeju Air,07:10,09:15,2시간 5분,Jin Air,11:45,14:05,2시간 20분,2491591,622898
2026-07-11 08:45:38,3박4일,PUS,2027-02-16,2027-02-19,Jeju Air,07:10,09:15,2시간 5분,Jeju Air,10:15,13:00,2시간 45분,2508683,627171
2026-07-11 08:45:38,2박3일,PUS,2027-02-17,2027-02-19,Jeju Air,07:10,09:15,2시간 5분,Jeju Air,10:15,13:00,2시간 45분,2508683,627171
2026-07-11 08:45:38,3박4일,PUS,2027-02-17,2027-02-20,Jeju Air,07:10,09:15,2시간 5분,Jeju Air,14:05,16:45,2시간 40분,3079845,769961
2026-07-11 08:45:38,3박4일,PUS,2027-02-21,2027-02-24,Jeju Air,07:10,09:15,2시간 5분,Jeju Air,10:15,13:00,2시간 45분,2438443,609611
2026-07-11 16:16:07,3박4일,PUS,2027-01-26,2027-01-29,Jeju Air,07:10,09:15,2시간 5분,Jeju Air,10:15,13:00,2시간 45분,2117278,529320
2026-07-11 16:16:07,2박3일,PUS,2027-01-29,2027-01-31,Jeju Air,07:10,09:15,2시간 5분,Jeju Air,10:15,13:00,2시간 45분,2188911,547228
2026-07-11 16:16:07,3박4일,PUS,2027-01-29,2027-02-01,Jeju Air,07:10,09:15,2시간 5분,Jeju Air,10:15,13:00,2시간 45분,2059101,514775
2026-07-11 16:16:07,2박3일,PUS,2027-02-02,2027-02-04,Jeju Air,07:10,09:15,2시간 5분,Jeju Air,10:15,13:00,2시간 45분,1992911,498228
2026-07-11 16:16:07,3박4일,PUS,2027-02-02,2027-02-05,Jeju Air,07:10,09:15,2시간 5분,Jeju Air,10:15,13:00,2시간 45분,2148683,537171
2026-07-11 16:16:07,2박3일,PUS,2027-02-03,2027-02-05,Jeju Air,07:10,09:15,2시간 5분,Jeju Air,10:15,13:00,2시간 45분,2148683,537171
2026-07-11 16:16:07,3박4일,PUS,2027-02-05,2027-02-08,Jeju Air,10:45,12:55,2시간 10분,Jeju Air,14:05,16:45,2시간 40분,3520245,880061
2026-07-11 16:16:07,2박3일,PUS,2027-02-06,2027-02-08,Jeju Air,07:10,09:15,2시간 5분,Jeju Air,14:05,16:45,2시간 40분,3520245,880061
2026-07-11 16:16:07,3박4일,PUS,2027-02-06,2027-02-09,Jeju Air,07:10,09:15,2시간 5분,Jeju Air,10:15,13:00,2시간 45분,3520245,880061
2026-07-11 16:16:07,2박3일,PUS,2027-02-08,2027-02-10,Jeju Air,07:10,09:15,2시간 5분,Jeju Air,14:05,16:45,2시간 40분,2855845,713961
2026-07-11 16:16:07,3박4일,PUS,2027-02-08,2027-02-11,Jeju Air,07:10,09:15,2시간 5분,Korean Air,19:40,22:00,2시간 20분,2530950,632738
2026-07-11 16:16:07,2박3일,PUS,2027-02-09,2027-02-11,Jeju Air,07:10,09:15,2시간 5분,Korean Air,19:40,22:00,2시간 20분,2234950,558738
2026-07-11 16:16:07,3박4일,PUS,2027-02-09,2027-02-12,Jeju Air,07:10,09:15,2시간 5분,Jeju Air,10:15,13:00,2시간 45분,1988683,497171
2026-07-11 16:16:07,2박3일,PUS,2027-02-10,2027-02-12,Jeju Air,07:10,09:15,2시간 5분,Jeju Air,10:15,13:00,2시간 45분,1948683,487171
2026-07-11 16:16:07,3박4일,PUS,2027-02-10,2027-02-13,Jeju Air,07:10,09:15,2시간 5분,Jeju Air,10:15,13:00,2시간 45분,1948683,487171
2026-07-11 16:16:07,2박3일,PUS,2027-02-11,2027-02-13,Jeju Air,07:10,09:15,2시간 5분,Jeju Air,10:15,13:00,2시간 45분,2284683,571171
2026-07-11 16:16:07,3박4일,PUS,2027-02-11,2027-02-14,Jeju Air,07:10,09:15,2시간 5분,Jeju Air,10:15,13:00,2시간 45분,2362568,590642
2026-07-11 16:16:07,2박3일,PUS,2027-02-12,2027-02-14,Jeju Air,07:10,09:15,2시간 5분,Jeju Air,10:15,13:00,2시간 45분,2422568,605642
2026-07-11 16:16:07,3박4일,PUS,2027-02-13,2027-02-16,Jeju Air,07:10,09:15,2시간 5분,Jeju Air,10:15,13:00,2시간 45분,2414076,603519
2026-07-11 16:16:07,2박3일,PUS,2027-02-14,2027-02-16,Jeju Air,07:10,09:15,2시간 5분,Jeju Air,10:15,13:00,2시간 45분,2778476,694619
2026-07-11 16:16:07,3박4일,PUS,2027-02-15,2027-02-18,Jeju Air,07:10,09:15,2시간 5분,Jeju Air,10:15,13:00,2시간 45분,2478076,619519
2026-07-11 16:16:07,2박3일,PUS,2027-02-16,2027-02-18,Jeju Air,07:10,09:15,2시간 5분,Jeju Air,10:15,13:00,2시간 45분,2338076,584519
2026-07-11 16:16:07,3박4일,PUS,2027-02-16,2027-02-19,Jeju Air,07:10,09:15,2시간 5분,Jeju Air,10:15,13:00,2시간 45분,2508683,627171
2026-07-11 16:16:07,2박3일,PUS,2027-02-18,2027-02-20,Jin Air,13:30,15:35,2시간 5분,Jeju Air,14:05,16:45,2시간 40분,3174645,793661
2026-07-11 23:24:36,3박4일,PUS,2027-01-30,2027-02-02,Jeju Air,07:10,09:15,2시간 5분,Jeju Air,10:15,13:00,2시간 45분,2054102,513526
2026-07-11 23:24:36,3박4일,PUS,2027-02-05,2027-02-08,Jeju Air,10:45,12:55,2시간 10분,Jeju Air,14:05,16:45,2시간 40분,3509956,877489
2026-07-12 08:41:20,2박3일,PUS,2027-02-03,2027-02-05,Jeju Air,07:10,09:15,2시간 5분,Jeju Air,10:15,13:00,2시간 45분,2141206,535302
2026-07-12 08:41:20,3박4일,PUS,2027-02-03,2027-02-06,Jeju Air,07:10,09:15,2시간 5분,Korean Air,12:45,15:05,2시간 20분,2201720,550430
2026-07-12 08:41:20,2박3일,PUS,2027-02-04,2027-02-06,Jeju Air,07:10,09:15,2시간 5분,Korean Air,12:45,15:05,2시간 20분,2717720,679430
2026-07-12 08:41:20,3박4일,PUS,2027-02-04,2027-02-07,Jeju Air,07:10,09:15,2시간 5분,Korean Air,12:45,15:05,2시간 20분,2717720,679430
2026-07-12 08:41:20,2박3일,PUS,2027-02-05,2027-02-07,Jeju Air,10:45,12:55,2시간 10분,Korean Air,12:45,15:05,2시간 20분,3002120,750530
2026-07-12 08:41:20,2박3일,PUS,2027-02-07,2027-02-09,Jeju Air,07:10,09:15,2시간 5분,Jeju Air,10:15,13:00,2시간 45분,3225451,806363
2026-07-12 08:41:20,3박4일,PUS,2027-02-07,2027-02-10,Jeju Air,07:10,09:15,2시간 5분,Jeju Air,14:05,16:45,2시간 40분,3225451,806363
2026-07-12 08:41:20,2박3일,PUS,2027-02-08,2027-02-10,Jeju Air,07:10,09:15,2시간 5분,Jeju Air,14:05,16:45,2시간 40분,2845451,711363
2026-07-12 08:41:20,3박4일,PUS,2027-02-08,2027-02-11,Jeju Air,07:10,09:15,2시간 5분,Korean Air,19:40,22:00,2시간 20분,2522216,630554
2026-07-12 08:41:20,2박3일,PUS,2027-02-09,2027-02-11,Jeju Air,07:10,09:15,2시간 5분,Korean Air,19:40,22:00,2시간 20분,2226216,556554
2026-07-12 08:41:20,3박4일,PUS,2027-02-09,2027-02-12,Jeju Air,07:10,09:15,2시간 5분,Jeju Air,10:15,13:00,2시간 45분,1981206,495302
2026-07-12 08:41:20,2박3일,PUS,2027-02-10,2027-02-12,Jeju Air,07:10,09:15,2시간 5분,Jeju Air,10:15,13:00,2시간 45분,1941206,485302
2026-07-12 08:41:20,3박4일,PUS,2027-02-15,2027-02-18,Jeju Air,07:10,09:15,2시간 5분,Jeju Air,10:15,13:00,2시간 45분,2471470,617868
2026-07-12 08:41:20,2박3일,PUS,2027-02-16,2027-02-18,Jeju Air,07:10,09:15,2시간 5분,Jeju Air,10:15,13:00,2시간 45분,2331470,582868
2026-07-12 08:41:20,3박4일,PUS,2027-02-19,2027-02-22,Jin Air,13:30,15:35,2시간 5분,Jin Air,11:45,14:05,2시간 20분,2583389,645847
2026-07-12 08:41:20,2박3일,PUS,2027-02-21,2027-02-23,Jeju Air,07:10,09:15,2시간 5분,Jeju Air,10:15,13:00,2시간 45분,2487470,621868
2026-07-12 08:41:20,3박4일,PUS,2027-02-21,2027-02-24,Jeju Air,07:10,09:15,2시간 5분,Jeju Air,10:15,13:00,2시간 45분,2432122,608030
2026-07-12 16:32:25,3박4일,PUS,2027-01-25,2027-01-28,Jeju Air,07:10,09:15,2시간 5분,Jeju Air,10:15,13:00,2시간 45분,2098102,524526
2026-07-12 16:32:25,2박3일,PUS,2027-01-26,2027-01-28,Jeju Air,07:10,09:15,2시간 5분,Jeju Air,10:15,13:00,2시간 45분,1978102,494526
2026-07-12 16:32:25,3박4일,PUS,2027-01-26,2027-01-29,Jeju Air,07:10,09:15,2시간 5분,Jeju Air,10:15,13:00,2시간 45분,2110946,527736
2026-07-12 16:32:25,2박3일,PUS,2027-01-27,2027-01-29,Jeju Air,07:10,09:15,2시간 5분,Jeju Air,10:15,13:00,2시간 45분,1930946,482736
2026-07-12 16:32:25,3박4일,PUS,2027-01-27,2027-01-30,Jeju Air,07:10,09:15,2시간 5분,Jeju Air,10:15,13:00,2시간 45분,1930946,482736
2026-07-12 16:32:25,2박3일,PUS,2027-01-29,2027-01-31,Jeju Air,07:10,09:15,2시간 5분,Jeju Air,10:15,13:00,2시간 45분,2182297,545574
2026-07-12 16:32:25,2박3일,PUS,2027-01-31,2027-02-02,Jeju Air,07:10,09:15,2시간 5분,Jeju Air,10:15,13:00,2시간 45분,1934102,483526
2026-07-12 16:32:25,3박4일,PUS,2027-01-31,2027-02-03,Jeju Air,07:10,09:15,2시간 5분,Jeju Air,10:15,13:00,2시간 45분,2052185,513046
2026-07-12 16:32:25,2박3일,PUS,2027-02-02,2027-02-04,Jeju Air,07:10,09:15,2시간 5분,Jeju Air,10:15,13:00,2시간 45분,1986297,496574
2026-07-12 16:32:25,3박4일,PUS,2027-02-02,2027-02-05,Jeju Air,07:10,09:15,2시간 5분,Jeju Air,10:15,13:00,2시간 45분,2141281,535320
2026-07-12 16:32:25,2박3일,PUS,2027-02-03,2027-02-05,Jeju Air,07:10,09:15,2시간 5분,Jeju Air,10:15,13:00,2시간 45분,2141281,535320
2026-07-12 16:32:25,3박4일,PUS,2027-02-03,2027-02-06,Jeju Air,07:10,09:15,2시간 5분,Korean Air,12:45,15:05,2시간 20분,2201799,550450
2026-07-12 16:32:25,2박3일,PUS,2027-02-04,2027-02-06,Jeju Air,07:10,09:15,2시간 5분,Korean Air,12:45,15:05,2시간 20분,2717799,679450
2026-07-12 16:32:25,3박4일,PUS,2027-02-04,2027-02-07,Jeju Air,07:10,09:15,2시간 5분,Korean Air,12:45,15:05,2시간 20분,2717799,679450
2026-07-12 16:32:25,2박3일,PUS,2027-02-05,2027-02-07,Jeju Air,10:45,12:55,2시간 10분,Korean Air,12:45,15:05,2시간 20분,3002199,750550
2026-07-12 16:32:25,3박4일,PUS,2027-02-06,2027-02-09,Jeju Air,07:10,09:15,2시간 5분,Jeju Air,10:15,13:00,2시간 45분,3509956,877489
2026-07-12 16:32:25,2박3일,PUS,2027-02-07,2027-02-09,Jeju Air,07:10,09:15,2시간 5분,Jeju Air,10:15,13:00,2시간 45분,3225556,806389
2026-07-12 16:32:25,3박4일,PUS,2027-02-07,2027-02-10,Jeju Air,07:10,09:15,2시간 5분,Jeju Air,14:05,16:45,2시간 40분,3225556,806389
2026-07-12 16:32:25,2박3일,PUS,2027-02-12,2027-02-14,Jeju Air,07:10,09:15,2시간 5분,Jeju Air,10:15,13:00,2시간 45분,2414773,603693
2026-07-12 16:32:25,3박4일,PUS,2027-02-13,2027-02-16,Jeju Air,07:10,09:15,2시간 5분,Jeju Air,10:15,13:00,2시간 45분,2407537,601884
2026-07-12 16:32:25,2박3일,PUS,2027-02-15,2027-02-17,Jeju Air,07:10,09:15,2시간 5분,Jeju Air,10:15,13:00,2시간 45분,2416185,604046
2026-07-12 16:32:25,3박4일,PUS,2027-02-15,2027-02-18,Jeju Air,07:10,09:15,2시간 5분,Jeju Air,10:15,13:00,2시간 45분,2471537,617884
2026-07-12 16:32:25,2박3일,PUS,2027-02-16,2027-02-18,Jeju Air,07:10,09:15,2시간 5분,Jeju Air,10:15,13:00,2시간 45분,2331537,582884
2026-07-12 16:32:25,3박4일,PUS,2027-02-17,2027-02-20,Jeju Air,07:10,09:15,2시간 5분,Jeju Air,14:05,16:45,2시간 40분,3069556,767389
2026-07-12 16:32:25,2박3일,PUS,2027-02-18,2027-02-20,Jin Air,13:30,15:35,2시간 5분,Jeju Air,14:05,16:45,2시간 40분,3164356,791089
2026-07-12 16:32:25,3박4일,PUS,2027-02-19,2027-02-22,Jin Air,13:30,15:35,2시간 5분,Jin Air,11:45,14:05,2시간 20분,2583460,645865
2026-07-12 23:35:59,2박3일,PUS,2027-01-25,2027-01-27,Jeju Air,07:10,09:15,2시간 5분,Jeju Air,10:15,13:00,2시간 45분,2042751,510688
2026-07-12 23:35:59,2박3일,PUS,2027-01-28,2027-01-30,Jeju Air,07:10,09:15,2시간 5분,Jeju Air,10:15,13:00,2시간 45분,2050946,512736
2026-07-12 23:35:59,3박4일,PUS,2027-01-29,2027-02-01,Jeju Air,07:10,09:15,2시간 5분,Jeju Air,10:15,13:00,2시간 45분,2053144,513286
2026-07-12 23:35:59,2박3일,PUS,2027-01-30,2027-02-01,Jeju Air,07:10,09:15,2시간 5분,Jeju Air,10:15,13:00,2시간 45분,2113144,528286
2026-07-12 23:35:59,3박4일,PUS,2027-01-30,2027-02-02,Jeju Air,07:10,09:15,2시간 5분,Jeju Air,10:15,13:00,2시간 45분,2054102,513526
2026-07-12 23:35:59,3박4일,PUS,2027-02-02,2027-02-05,Jeju Air,07:10,09:15,2시간 5분,Jeju Air,10:15,13:00,2시간 45분,2141281,535320
2026-07-12 23:35:59,2박3일,PUS,2027-02-03,2027-02-05,Jeju Air,07:10,09:15,2시간 5분,Jeju Air,10:15,13:00,2시간 45분,2141281,535320
2026-07-12 23:35:59,3박4일,PUS,2027-02-03,2027-02-06,Jeju Air,07:10,09:15,2시간 5분,Korean Air,12:45,15:05,2시간 20분,2201799,550450
2026-07-12 23:35:59,3박4일,PUS,2027-02-06,2027-02-09,Jeju Air,07:10,09:15,2시간 5분,Jeju Air,10:15,13:00,2시간 45분,3509956,877489
2026-07-12 23:35:59,2박3일,PUS,2027-02-07,2027-02-09,Jeju Air,07:10,09:15,2시간 5분,Jeju Air,10:15,13:00,2시간 45분,3225556,806389
2026-07-12 23:35:59,3박4일,PUS,2027-02-08,2027-02-11,Jeju Air,07:10,09:15,2시간 5분,Korean Air,19:40,22:00,2시간 20분,2522303,630576
2026-07-12 23:35:59,2박3일,PUS,2027-02-10,2027-02-12,Jeju Air,07:10,09:15,2시간 5분,Jeju Air,10:15,13:00,2시간 45분,1941281,485320
2026-07-12 23:35:59,3박4일,PUS,2027-02-10,2027-02-13,Jeju Air,07:10,09:15,2시간 5분,Jeju Air,10:15,13:00,2시간 45분,1941281,485320
2026-07-12 23:35:59,3박4일,PUS,2027-02-15,2027-02-18,Jeju Air,07:10,09:15,2시간 5분,Jeju Air,10:15,13:00,2시간 45분,2471537,617884
2026-07-12 23:35:59,2박3일,PUS,2027-02-16,2027-02-18,Jeju Air,07:10,09:15,2시간 5분,Jeju Air,10:15,13:00,2시간 45분,2331537,582884
2026-07-12 23:35:59,3박4일,PUS,2027-02-16,2027-02-19,Jeju Air,07:10,09:15,2시간 5분,Jeju Air,10:15,13:00,2시간 45분,2501281,625320
2026-07-12 23:35:59,2박3일,PUS,2027-02-17,2027-02-19,Jeju Air,07:10,09:15,2시간 5분,Jeju Air,10:15,13:00,2시간 45분,2501281,625320
2026-07-12 23:35:59,3박4일,PUS,2027-02-17,2027-02-20,Jeju Air,07:10,09:15,2시간 5분,Jeju Air,14:05,16:45,2시간 40분,3069556,767389
2026-07-12 23:35:59,2박3일,PUS,2027-02-18,2027-02-20,Jin Air,13:30,15:35,2시간 5분,Jeju Air,14:05,16:45,2시간 40분,3164356,791089
2026-07-12 23:35:59,3박4일,PUS,2027-02-18,2027-02-21,Jin Air,13:30,15:35,2시간 5분,Jeju Air,10:15,13:00,2시간 45분,2673573,668393
2026-07-12 23:35:59,2박3일,PUS,2027-02-19,2027-02-21,Jin Air,13:30,15:35,2시간 5분,Jeju Air,10:15,13:00,2시간 45분,2753573,688393
2026-07-12 23:35:59,3박4일,PUS,2027-02-19,2027-02-22,Jin Air,13:30,15:35,2시간 5분,Jin Air,11:45,14:05,2시간 20분,2583460,645865
2026-07-13 08:40:57,3박4일,PUS,2027-02-04,2027-02-07,Jeju Air,07:10,09:15,2시간 5분,Korean Air,12:45,15:05,2시간 20분,2722037,680509
2026-07-13 08:40:57,2박3일,PUS,2027-02-06,2027-02-08,Jeju Air,07:10,09:15,2시간 5분,Jeju Air,10:15,13:00,2시간 45분,3515613,878903
2026-07-13 08:40:57,2박3일,PUS,2027-02-13,2027-02-15,Jeju Air,07:10,09:15,2시간 5분,Jin Air,11:45,14:05,2시간 20분,2488470,622118
2026-07-13 17:22:49,3박4일,PUS,2027-01-26,2027-01-29,Jeju Air,07:10,09:15,2시간 5분,Jeju Air,10:15,13:00,2시간 45분,2109019,527255
2026-07-13 17:22:49,2박3일,PUS,2027-01-27,2027-01-29,Jeju Air,07:10,09:15,2시간 5분,Jeju Air,10:15,13:00,2시간 45분,1929019,482255
2026-07-13 17:22:49,3박4일,PUS,2027-01-28,2027-01-31,Jeju Air,07:10,09:15,2시간 5분,Jeju Air,10:15,13:00,2시간 45분,2104284,526071
2026-07-13 17:22:49,2박3일,PUS,2027-01-29,2027-01-31,Jeju Air,07:10,09:15,2시간 5분,Jeju Air,10:15,13:00,2시간 45분,2180284,545071
2026-07-13 17:22:49,3박4일,PUS,2027-01-30,2027-02-02,Jeju Air,07:10,09:15,2시간 5분,Jeju Air,10:15,13:00,2시간 45분,2052381,513095
2026-07-13 17:22:49,2박3일,PUS,2027-01-31,2027-02-02,Jeju Air,07:10,09:15,2시간 5분,Jeju Air,10:15,13:00,2시간 45분,1932381,483095
2026-07-13 17:22:49,3박4일,PUS,2027-02-01,2027-02-04,Jeju Air,07:10,09:15,2시간 5분,Jeju Air,10:15,13:00,2시간 45분,2104284,526071
2026-07-13 17:22:49,2박3일,PUS,2027-02-02,2027-02-04,Jeju Air,07:10,09:15,2시간 5분,Jeju Air,10:15,13:00,2시간 45분,1984284,496071
2026-07-13 17:22:49,3박4일,PUS,2027-02-02,2027-02-05,Jeju Air,07:10,09:15,2시간 5분,Jeju Air,10:15,13:00,2시간 45분,2139029,534757
2026-07-13 17:22:49,2박3일,PUS,2027-02-03,2027-02-05,Jeju Air,07:10,09:15,2시간 5분,Jeju Air,10:15,13:00,2시간 45분,2139029,534757
2026-07-13 17:22:49,3박4일,PUS,2027-02-03,2027-02-06,Jeju Air,07:10,09:15,2시간 5분,Korean Air,12:45,15:05,2시간 20분,2199453,549863
2026-07-13 17:22:49,2박3일,PUS,2027-02-04,2027-02-06,Jeju Air,07:10,09:15,2시간 5분,Korean Air,12:45,15:05,2시간 20분,2715453,678863
2026-07-13 17:22:49,3박4일,PUS,2027-02-04,2027-02-07,Jeju Air,07:10,09:15,2시간 5분,Korean Air,12:45,15:05,2시간 20분,2715453,678863
2026-07-13 17:22:49,2박3일,PUS,2027-02-05,2027-02-07,Jeju Air,10:45,12:55,2시간 10분,Korean Air,12:45,15:05,2시간 20분,2999853,749963
2026-07-13 17:22:49,3박4일,PUS,2027-02-05,2027-02-08,Jeju Air,10:45,12:55,2시간 10분,Jeju Air,10:15,13:00,2시간 45분,3506825,876706
2026-07-13 17:22:49,3박4일,PUS,2027-02-08,2027-02-11,Jeju Air,07:10,09:15,2시간 5분,Korean Air,19:40,22:00,2시간 20분,2519672,629918
2026-07-13 17:22:49,2박3일,PUS,2027-02-09,2027-02-11,Jeju Air,07:10,09:15,2시간 5분,Korean Air,19:40,22:00,2시간 20분,2223672,555918
2026-07-13 17:22:49,3박4일,PUS,2027-02-09,2027-02-12,Jeju Air,07:10,09:15,2시간 5분,Jeju Air,10:15,13:00,2시간 45분,1979029,494757
2026-07-13 17:22:49,2박3일,PUS,2027-02-10,2027-02-12,Jeju Air,07:10,09:15,2시간 5분,Jeju Air,10:15,13:00,2시간 45분,1939029,484757
2026-07-13 17:22:49,3박4일,PUS,2027-02-10,2027-02-13,Jeju Air,07:10,09:15,2시간 5분,Jeju Air,10:15,13:00,2시간 45분,1939029,484757
2026-07-13 17:22:49,2박3일,PUS,2027-02-11,2027-02-13,Jeju Air,07:10,09:15,2시간 5분,Jeju Air,10:15,13:00,2시간 45분,2275029,568757
2026-07-13 17:22:49,3박4일,PUS,2027-02-12,2027-02-15,Jeju Air,07:10,09:15,2시간 5분,Jin Air,11:45,14:05,2시간 20분,2242551,560638
2026-07-13 17:22:49,2박3일,PUS,2027-02-13,2027-02-15,Jeju Air,07:10,09:15,2시간 5분,Jin Air,11:45,14:05,2시간 20분,2482551,620638
2026-07-13 17:22:49,3박4일,PUS,2027-02-13,2027-02-16,Jeju Air,07:10,09:15,2시간 5분,Jeju Air,10:15,13:00,2시간 45분,2405547,601387
2026-07-14 00:46:10,2박3일,PUS,2027-01-25,2027-01-27,Jeju Air,07:10,09:15,2시간 5분,Jeju Air,10:15,13:00,2시간 45분,2040037,510009
2026-07-14 00:46:10,2박3일,PUS,2027-01-27,2027-01-29,Jeju Air,07:10,09:15,2시간 5분,Jeju Air,10:15,13:00,2시간 45분,1927278,481820
2026-07-14 00:46:10,2박3일,PUS,2027-02-03,2027-02-05,Jeju Air,07:10,09:15,2시간 5분,Jeju Air,10:15,13:00,2시간 45분,2136994,534248
2026-07-14 00:46:10,3박4일,PUS,2027-02-04,2027-02-07,Jeju Air,07:10,09:15,2시간 5분,Korean Air,12:45,15:05,2시간 20분,2713734,678434
2026-07-14 00:46:10,2박3일,PUS,2027-02-05,2027-02-07,Jeju Air,10:45,12:55,2시간 10분,Korean Air,12:45,15:05,2시간 20분,2998134,749534
2026-07-14 00:46:10,3박4일,PUS,2027-02-05,2027-02-08,Jeju Air,10:45,12:55,2시간 10분,Jeju Air,10:15,13:00,2시간 45분,3504397,876099
2026-07-14 00:46:10,2박3일,PUS,2027-02-07,2027-02-09,Jeju Air,07:10,09:15,2시간 5분,Jeju Air,10:15,13:00,2시간 45분,3219997,804999
2026-07-14 00:46:10,3박4일,PUS,2027-02-07,2027-02-10,Jeju Air,07:10,09:15,2시간 5분,Jeju Air,10:15,13:00,2시간 45분,3219997,804999
2026-07-14 00:46:10,2박3일,PUS,2027-02-08,2027-02-10,Jeju Air,07:10,09:15,2시간 5분,Jeju Air,10:15,13:00,2시간 45분,2839597,709899
2026-07-14 00:46:10,3박4일,PUS,2027-02-08,2027-02-11,Jeju Air,07:10,09:15,2시간 5분,Korean Air,19:40,22:00,2시간 20분,2517296,629324
2026-07-14 00:46:10,2박3일,PUS,2027-02-09,2027-02-11,Jeju Air,07:10,09:15,2시간 5분,Korean Air,19:40,22:00,2시간 20분,2221296,555324
2026-07-14 00:46:10,3박4일,PUS,2027-02-09,2027-02-12,Jeju Air,07:10,09:15,2시간 5분,Jeju Air,10:15,13:00,2시간 45분,1976994,494248
2026-07-14 00:46:10,2박3일,PUS,2027-02-10,2027-02-12,Jeju Air,07:10,09:15,2시간 5분,Jeju Air,10:15,13:00,2시간 45분,1937394,484348
2026-07-14 00:46:10,3박4일,PUS,2027-02-10,2027-02-13,Jeju Air,07:10,09:15,2시간 5분,Jeju Air,10:15,13:00,2시간 45분,1937394,484348
2026-07-14 00:46:10,3박4일,PUS,2027-02-12,2027-02-15,Jeju Air,07:10,09:15,2시간 5분,Jin Air,11:45,14:05,2시간 20분,2240646,560162
2026-07-14 00:46:10,2박3일,PUS,2027-02-13,2027-02-15,Jeju Air,07:10,09:15,2시간 5분,Jin Air,11:45,14:05,2시간 20분,2480646,620162
2026-07-14 00:46:10,3박4일,PUS,2027-02-14,2027-02-17,Jeju Air,10:45,12:55,2시간 10분,Jeju Air,10:15,13:00,2시간 45분,2712961,678240
2026-07-14 00:46:10,2박3일,PUS,2027-02-16,2027-02-18,Jeju Air,07:10,09:15,2시간 5분,Jeju Air,10:15,13:00,2시간 45분,2328150,582038
2026-07-14 00:46:10,3박4일,PUS,2027-02-17,2027-02-20,Jeju Air,07:10,09:15,2시간 5분,Jeju Air,10:15,13:00,2시간 45분,3063997,765999
2026-07-14 00:46:10,2박3일,PUS,2027-02-19,2027-02-21,Jin Air,13:30,15:35,2시간 5분,Jeju Air,10:15,13:00,2시간 45분,2749058,687264
2026-07-14 00:46:10,3박4일,PUS,2027-02-20,2027-02-23,Jin Air,13:30,15:35,2시간 5분,Jeju Air,10:15,13:00,2시간 45분,2502550,625638
2026-07-14 00:46:10,2박3일,PUS,2027-02-21,2027-02-23,Jeju Air,07:10,09:15,2시간 5분,Jeju Air,10:15,13:00,2시간 45분,2484150,621038
2026-07-14 08:40:48,3박4일,PUS,2027-01-28,2027-01-31,Jeju Air,07:10,09:15,2시간 5분,Jeju Air,10:15,13:00,2시간 45분,2104109,526027
2026-07-14 08:40:48,2박3일,PUS,2027-02-01,2027-02-03,Jeju Air,07:10,09:15,2시간 5분,Jeju Air,10:15,13:00,2시간 45분,2034136,508534
2026-07-14 08:40:48,3박4일,PUS,2027-02-01,2027-02-04,Jeju Air,07:10,09:15,2시간 5분,Jeju Air,10:15,13:00,2시간 45분,2104109,526027
2026-07-14 08:40:48,2박3일,PUS,2027-02-03,2027-02-05,Jeju Air,07:10,09:15,2시간 5분,Jeju Air,10:15,13:00,2시간 45분,2138785,534696
2026-07-14 08:40:48,3박4일,PUS,2027-02-07,2027-02-10,Jeju Air,07:10,09:15,2시간 5분,Jeju Air,10:15,13:00,2시간 45분,3221929,805482
2026-07-14 08:40:48,2박3일,PUS,2027-02-09,2027-02-11,Jeju Air,07:10,09:15,2시간 5분,Korean Air,19:40,22:00,2시간 20분,2223320,555830
2026-07-14 08:40:48,3박4일,PUS,2027-02-09,2027-02-12,Jeju Air,07:10,09:15,2시간 5분,Jeju Air,10:15,13:00,2시간 45분,1978785,494696
2026-07-14 08:40:48,2박3일,PUS,2027-02-10,2027-02-12,Jeju Air,07:10,09:15,2시간 5분,Jeju Air,10:15,13:00,2시간 45분,1978785,494696
2026-07-14 08:40:48,2박3일,PUS,2027-02-14,2027-02-16,Jeju Air,10:45,12:55,2시간 10분,Jeju Air,10:15,13:00,2시간 45분,2769778,692444
2026-07-14 08:40:48,3박4일,PUS,2027-02-14,2027-02-17,Jeju Air,10:45,12:55,2시간 10분,Jeju Air,10:15,13:00,2시간 45분,2714536,678634
2026-07-14 08:40:48,2박3일,PUS,2027-02-15,2027-02-17,Jeju Air,07:10,09:15,2시간 5분,Jeju Air,10:15,13:00,2시간 45분,2414136,603534
2026-07-14 08:40:48,3박4일,PUS,2027-02-15,2027-02-18,Jeju Air,07:10,09:15,2시간 5분,Jeju Air,10:15,13:00,2시간 45분,2469378,617344
2026-07-14 08:40:48,2박3일,PUS,2027-02-16,2027-02-18,Jeju Air,07:10,09:15,2시간 5분,Jeju Air,10:15,13:00,2시간 45분,2329378,582344
2026-07-14 08:40:48,3박4일,PUS,2027-02-17,2027-02-20,Jeju Air,07:10,09:15,2시간 5분,Jeju Air,10:15,13:00,2시간 45분,3065929,766482
2026-07-14 08:40:48,2박3일,PUS,2027-02-18,2027-02-20,Jin Air,13:30,15:35,2시간 5분,Jeju Air,10:15,13:00,2시간 45분,3159129,789782
2026-07-14 08:40:48,3박4일,PUS,2027-02-18,2027-02-21,Jin Air,13:30,15:35,2시간 5분,Jeju Air,10:15,13:00,2시간 45분,2669322,667330
2026-07-14 08:40:48,2박3일,PUS,2027-02-19,2027-02-21,Jin Air,13:30,15:35,2시간 5분,Jeju Air,10:15,13:00,2시간 45분,2749322,687330
2026-07-14 08:40:48,3박4일,PUS,2027-02-19,2027-02-22,Jin Air,13:30,15:35,2시간 5분,Jin Air,11:45,14:05,2시간 20분,2579547,644887
2026-07-14 08:40:48,2박3일,PUS,2027-02-21,2027-02-23,Jeju Air,07:10,09:15,2시간 5분,Jeju Air,10:15,13:00,2시간 45분,2485378,621344
2026-07-14 16:15:49,3박4일,PUS,2027-01-25,2027-01-28,Jeju Air,07:10,09:15,2시간 5분,Jeju Air,10:15,13:00,2시간 45분,2096305,524076
2026-07-14 16:15:49,2박3일,PUS,2027-01-26,2027-01-28,Jeju Air,07:10,09:15,2시간 5분,Jeju Air,10:15,13:00,2시간 45분,1976305,494076
2026-07-14 16:15:49,3박4일,PUS,2027-01-27,2027-01-30,Jeju Air,07:10,09:15,2시간 5분,Jeju Air,10:15,13:00,2시간 45분,1928886,482222
2026-07-14 16:15:49,2박3일,PUS,2027-01-28,2027-01-30,Jeju Air,07:10,09:15,2시간 5분,Jeju Air,10:15,13:00,2시간 45분,2048886,512222
2026-07-14 16:15:49,3박4일,PUS,2027-01-28,2027-01-31,Jeju Air,07:10,09:15,2시간 5분,Jeju Air,10:15,13:00,2시간 45분,2104382,526096
2026-07-14 16:15:49,2박3일,PUS,2027-01-31,2027-02-02,Jeju Air,07:10,09:15,2시간 5분,Jeju Air,10:15,13:00,2시간 45분,1932522,483130
2026-07-14 16:15:49,3박4일,PUS,2027-01-31,2027-02-03,Jeju Air,07:10,09:15,2시간 5분,Jeju Air,10:15,13:00,2시간 45분,2050395,512599
2026-07-14 16:15:49,2박3일,PUS,2027-02-01,2027-02-03,Jeju Air,07:10,09:15,2시간 5분,Jeju Air,10:15,13:00,2시간 45분,2034395,508599
2026-07-14 16:15:49,3박4일,PUS,2027-02-01,2027-02-04,Jeju Air,07:10,09:15,2시간 5분,Jeju Air,10:15,13:00,2시간 45분,2104382,526096
2026-07-14 16:15:49,2박3일,PUS,2027-02-02,2027-02-04,Jeju Air,07:10,09:15,2시간 5분,Jeju Air,10:15,13:00,2시간 45분,1984382,496096
2026-07-14 16:15:49,3박4일,PUS,2027-02-03,2027-02-06,Jeju Air,07:10,09:15,2시간 5분,Korean Air,12:45,15:05,2시간 20분,2199500,549875
2026-07-14 16:15:49,2박3일,PUS,2027-02-05,2027-02-07,Jeju Air,10:45,12:55,2시간 10분,Korean Air,12:45,15:05,2시간 20분,2999900,749975
2026-07-14 16:15:49,2박3일,PUS,2027-02-07,2027-02-09,Jeju Air,07:10,09:15,2시간 5분,Jeju Air,10:15,13:00,2시간 45분,3222354,805588
2026-07-14 16:15:49,3박4일,PUS,2027-02-07,2027-02-10,Jeju Air,07:10,09:15,2시간 5분,Jeju Air,10:15,13:00,2시간 45분,3222354,805588
2026-07-14 16:15:49,2박3일,PUS,2027-02-08,2027-02-10,Jeju Air,07:10,09:15,2시간 5분,Jeju Air,10:15,13:00,2시간 45분,2842354,710588
2026-07-14 16:15:49,3박4일,PUS,2027-02-08,2027-02-11,Jeju Air,07:10,09:15,2시간 5분,Korean Air,19:40,22:00,2시간 20분,2519677,629919
2026-07-14 16:15:49,2박3일,PUS,2027-02-09,2027-02-11,Jeju Air,07:10,09:15,2시간 5분,Korean Air,19:40,22:00,2시간 20분,2223677,555919
2026-07-14 16:15:49,3박4일,PUS,2027-02-09,2027-02-12,Jeju Air,07:10,09:15,2시간 5분,Jeju Air,10:15,13:00,2시간 45분,1979090,494772
2026-07-14 16:15:49,2박3일,PUS,2027-02-10,2027-02-12,Jeju Air,07:10,09:15,2시간 5분,Jeju Air,10:15,13:00,2시간 45분,1939090,484772
2026-07-14 16:15:49,3박4일,PUS,2027-02-10,2027-02-13,Jeju Air,07:10,09:15,2시간 5분,Jeju Air,10:15,13:00,2시간 45분,1939090,484772
2026-07-14 16:15:49,3박4일,PUS,2027-02-15,2027-02-18,Jeju Air,07:10,09:15,2시간 5분,Jeju Air,10:15,13:00,2시간 45분,2469648,617412
2026-07-14 16:15:49,2박3일,PUS,2027-02-16,2027-02-18,Jeju Air,07:10,09:15,2시간 5분,Jeju Air,10:15,13:00,2시간 45분,2329648,582412
2026-07-14 16:15:49,3박4일,PUS,2027-02-19,2027-02-22,Jin Air,13:30,15:35,2시간 5분,Jin Air,11:45,14:05,2시간 20분,2579834,644958
2026-07-14 16:15:49,2박3일,PUS,2027-02-20,2027-02-22,Jin Air,13:30,15:35,2시간 5분,Jin Air,11:45,14:05,2시간 20분,2579834,644958
2026-07-14 23:59:46,2박3일,PUS,2027-01-25,2027-01-27,Jeju Air,07:10,09:15,2시간 5분,Jeju Air,10:15,13:00,2시간 45분,2038801,509700
2026-07-14 23:59:46,3박4일,PUS,2027-01-26,2027-01-29,Jeju Air,07:10,09:15,2시간 5분,Jeju Air,10:15,13:00,2시간 45분,2106222,526556
2026-07-14 23:59:46,2박3일,PUS,2027-01-27,2027-01-29,Jeju Air,07:10,09:15,2시간 5분,Jeju Air,10:15,13:00,2시간 45분,1926222,481556
2026-07-14 23:59:46,3박4일,PUS,2027-01-28,2027-01-31,Jeju Air,07:10,09:15,2시간 5분,Jeju Air,10:15,13:00,2시간 45분,2101346,525336
2026-07-14 23:59:46,2박3일,PUS,2027-01-29,2027-01-31,Jeju Air,07:10,09:15,2시간 5분,Jeju Air,10:15,13:00,2시간 45분,2177346,544336
2026-07-14 23:59:46,2박3일,PUS,2027-02-01,2027-02-03,Jeju Air,07:10,09:15,2시간 5분,Jeju Air,10:15,13:00,2시간 45분,2031522,507880
2026-07-14 23:59:46,3박4일,PUS,2027-02-01,2027-02-04,Jeju Air,07:10,09:15,2시간 5분,Jeju Air,10:15,13:00,2시간 45분,2101346,525336
2026-07-14 23:59:46,2박3일,PUS,2027-02-02,2027-02-04,Jeju Air,07:10,09:15,2시간 5분,Jeju Air,10:15,13:00,2시간 45분,1981346,495336
2026-07-14 23:59:46,3박4일,PUS,2027-02-02,2027-02-05,Jeju Air,07:10,09:15,2시간 5분,Jeju Air,10:15,13:00,2시간 45분,2135693,533923
2026-07-14 23:59:46,3박4일,PUS,2027-02-07,2027-02-10,Jeju Air,07:10,09:15,2시간 5분,Jeju Air,10:15,13:00,2시간 45분,3217631,804408
2026-07-14 23:59:46,2박3일,PUS,2027-02-08,2027-02-10,Jeju Air,07:10,09:15,2시간 5분,Jeju Air,10:15,13:00,2시간 45분,2837631,709408
2026-07-14 23:59:46,2박3일,PUS,2027-02-12,2027-02-14,Jeju Air,07:10,09:15,2시간 5분,Jeju Air,10:15,13:00,2시간 45분,2408866,602216
2026-07-14 23:59:46,3박4일,PUS,2027-02-14,2027-02-17,Jeju Air,10:45,12:55,2시간 10분,Jeju Air,10:15,13:00,2시간 45분,2711922,677980
2026-07-14 23:59:46,2박3일,PUS,2027-02-15,2027-02-17,Jeju Air,07:10,09:15,2시간 5분,Jeju Air,10:15,13:00,2시간 45분,2411522,602880
2026-07-15 08:40:22,3박4일,PUS,2027-01-26,2027-01-29,Jeju Air,07:10,09:15,2시간 5분,Jeju Air,10:15,13:00,2시간 45분,2103297,525824
2026-07-15 08:40:22,2박3일,PUS,2027-01-28,2027-01-30,Jeju Air,07:10,09:15,2시간 5분,Jeju Air,10:15,13:00,2시간 45분,2043297,510824
2026-07-15 08:40:22,3박4일,PUS,2027-02-11,2027-02-14,Jeju Air,07:10,09:15,2시간 5분,Jeju Air,10:15,13:00,2시간 45분,2345358,586340
2026-07-15 08:40:22,2박3일,PUS,2027-02-15,2027-02-17,Jeju Air,07:10,09:15,2시간 5분,Jeju Air,10:15,13:00,2시간 45분,2408627,602157
2026-07-15 16:19:54,2박3일,PUS,2027-01-25,2027-01-27,Jeju Air,07:10,09:15,2시간 5분,Jeju Air,10:15,13:00,2시간 45분,2037235,509309
2026-07-15 16:19:54,3박4일,PUS,2027-01-27,2027-01-30,Jeju Air,07:10,09:15,2시간 5분,Jeju Air,10:15,13:00,2시간 45분,1924449,481112
2026-07-15 16:19:54,2박3일,PUS,2027-01-28,2027-01-30,Jeju Air,07:10,09:15,2시간 5분,Jeju Air,10:15,13:00,2시간 45분,2044449,511112
2026-07-15 16:19:54,2박3일,PUS,2027-01-30,2027-02-01,Jeju Air,07:10,09:15,2시간 5분,Jeju Air,10:15,13:00,2시간 45분,2107032,526758
2026-07-15 16:19:54,3박4일,PUS,2027-01-31,2027-02-03,Jeju Air,07:10,09:15,2시간 5분,Jeju Air,10:15,13:00,2시간 45분,2045766,511442
2026-07-15 16:19:54,2박3일,PUS,2027-02-01,2027-02-03,Jeju Air,07:10,09:15,2시간 5분,Jeju Air,10:15,13:00,2시간 45분,2029766,507442
2026-07-15 16:19:54,2박3일,PUS,2027-02-03,2027-02-05,Jeju Air,07:10,09:15,2시간 5분,Jeju Air,10:15,13:00,2시간 45분,2133688,533422
2026-07-15 16:19:54,3박4일,PUS,2027-02-03,2027-02-06,Jeju Air,07:10,09:15,2시간 5분,Korean Air,12:45,15:05,2시간 20분,2193890,548472
2026-07-15 16:19:54,3박4일,PUS,2027-02-05,2027-02-08,Jeju Air,10:45,12:55,2시간 10분,Jeju Air,10:15,13:00,2시간 45분,3499400,874850
2026-07-15 16:19:54,2박3일,PUS,2027-02-08,2027-02-10,Jeju Air,07:10,09:15,2시간 5분,Jeju Air,10:15,13:00,2시간 45분,2835000,708750
2026-07-15 16:19:54,3박4일,PUS,2027-02-08,2027-02-11,Jeju Air,07:10,09:15,2시간 5분,Korean Air,19:40,22:00,2시간 20분,2513433,628358
2026-07-15 16:19:54,2박3일,PUS,2027-02-09,2027-02-11,Jeju Air,07:10,09:15,2시간 5분,Korean Air,19:40,22:00,2시간 20분,2393433,598358
2026-07-15 16:19:54,3박4일,PUS,2027-02-09,2027-02-12,Jeju Air,07:10,09:15,2시간 5분,Jeju Air,10:15,13:00,2시간 45분,2149688,537422
2026-07-15 16:19:54,2박3일,PUS,2027-02-10,2027-02-12,Jeju Air,07:10,09:15,2시간 5분,Jeju Air,10:15,13:00,2시간 45분,2149688,537422
2026-07-15 16:19:54,3박4일,PUS,2027-02-10,2027-02-13,Jeju Air,07:10,09:15,2시간 5분,Jeju Air,10:15,13:00,2시간 45분,2149688,537422
2026-07-15 16:19:54,2박3일,PUS,2027-02-11,2027-02-13,Jeju Air,07:10,09:15,2시간 5분,Jeju Air,10:15,13:00,2시간 45분,2269688,567422
2026-07-15 16:19:54,3박4일,PUS,2027-02-12,2027-02-15,Jeju Air,07:10,09:15,2시간 5분,Jin Air,11:45,14:05,2시간 20분,2237550,559388
2026-07-15 16:19:54,2박3일,PUS,2027-02-15,2027-02-17,Jeju Air,07:10,09:15,2시간 5분,Jeju Air,10:15,13:00,2시간 45분,2409766,602442
2026-07-15 16:19:54,3박4일,PUS,2027-02-16,2027-02-19,Jeju Air,07:10,09:15,2시간 5분,Jeju Air,10:15,13:00,2시간 45분,2493688,623422
2026-07-15 16:19:54,2박3일,PUS,2027-02-17,2027-02-19,Jeju Air,07:10,09:15,2시간 5분,Jeju Air,10:15,13:00,2시간 45분,2493688,623422
2026-07-15 16:19:54,3박4일,PUS,2027-02-17,2027-02-20,Jeju Air,07:10,09:15,2시간 5분,Jeju Air,10:15,13:00,2시간 45분,3059000,764750
2026-07-15 16:19:54,2박3일,PUS,2027-02-19,2027-02-21,Jin Air,13:30,15:35,2시간 5분,Jeju Air,10:15,13:00,2시간 45분,2744376,686094
2026-07-15 16:19:54,3박4일,PUS,2027-02-19,2027-02-22,Jin Air,13:30,15:35,2시간 5분,Jin Air,11:45,14:05,2시간 20분,2575150,643788
2026-07-15 16:19:54,2박3일,PUS,2027-02-20,2027-02-22,Jin Air,13:30,15:35,2시간 5분,Jin Air,11:45,14:05,2시간 20분,2575150,643788
2026-07-15 23:58:21,2박3일,PUS,2027-01-28,2027-01-30,Jeju Air,07:10,09:15,2시간 5분,Jeju Air,10:15,13:00,2시간 45분,2045986,511496
2026-07-15 23:58:21,3박4일,PUS,2027-01-28,2027-01-31,Jeju Air,07:10,09:15,2시간 5분,Jeju Air,10:15,13:00,2시간 45분,2101117,525279
2026-07-15 23:58:21,2박3일,PUS,2027-01-30,2027-02-01,Jeju Air,07:10,09:15,2시간 5분,Jeju Air,10:15,13:00,2시간 45분,2108477,527119
2026-07-15 23:58:21,3박4일,PUS,2027-01-30,2027-02-02,Jeju Air,07:10,09:15,2시간 5분,Jeju Air,10:15,13:00,2시간 45분,2049671,512418
2026-07-15 23:58:21,2박3일,PUS,2027-01-31,2027-02-02,Jeju Air,07:10,09:15,2시간 5분,Jeju Air,10:15,13:00,2시간 45분,1929671,482418
2026-07-15 23:58:21,3박4일,PUS,2027-01-31,2027-02-03,Jeju Air,07:10,09:15,2시간 5분,Jeju Air,10:15,13:00,2시간 45분,2047284,511821
2026-07-15 23:58:21,2박3일,PUS,2027-02-02,2027-02-04,Jeju Air,07:10,09:15,2시간 5분,Jeju Air,10:15,13:00,2시간 45분,1981117,495279
2026-07-15 23:58:21,3박4일,PUS,2027-02-02,2027-02-05,Jeju Air,07:10,09:15,2시간 5분,Jeju Air,10:15,13:00,2시간 45분,2135484,533871
2026-07-15 23:58:21,2박3일,PUS,2027-02-03,2027-02-05,Jeju Air,07:10,09:15,2시간 5분,Jeju Air,10:15,13:00,2시간 45분,2135484,533871
2026-07-15 23:58:21,3박4일,PUS,2027-02-03,2027-02-06,Jeju Air,07:10,09:15,2시간 5분,Korean Air,12:45,15:05,2시간 20분,2195761,548940
2026-07-15 23:58:21,2박3일,PUS,2027-02-04,2027-02-06,Jeju Air,07:10,09:15,2시간 5분,Korean Air,12:45,15:05,2시간 20분,2711761,677940
2026-07-15 23:58:21,3박4일,PUS,2027-02-08,2027-02-11,Jeju Air,07:10,09:15,2시간 5분,Korean Air,19:40,22:00,2시간 20분,2515531,628883
2026-07-15 23:58:21,2박3일,PUS,2027-02-09,2027-02-11,Jeju Air,07:10,09:15,2시간 5분,Korean Air,19:40,22:00,2시간 20분,2395531,598883
2026-07-15 23:58:21,3박4일,PUS,2027-02-09,2027-02-12,Jeju Air,07:10,09:15,2시간 5분,Jeju Air,10:15,13:00,2시간 45분,2151484,537871
2026-07-15 23:58:21,2박3일,PUS,2027-02-10,2027-02-12,Jeju Air,07:10,09:15,2시간 5분,Jeju Air,10:15,13:00,2시간 45분,2151484,537871
2026-07-15 23:58:21,3박4일,PUS,2027-02-10,2027-02-13,Jeju Air,07:10,09:15,2시간 5분,Jeju Air,10:15,13:00,2시간 45분,2151484,537871
2026-07-15 23:58:21,2박3일,PUS,2027-02-11,2027-02-13,Jeju Air,07:10,09:15,2시간 5분,Jeju Air,10:15,13:00,2시간 45분,2271484,567871
2026-07-15 23:58:21,3박4일,PUS,2027-02-12,2027-02-15,Jeju Air,07:10,09:15,2시간 5분,Jin Air,11:45,14:05,2시간 20분,2239231,559808
2026-07-15 23:58:21,2박3일,PUS,2027-02-13,2027-02-15,Jeju Air,07:10,09:15,2시간 5분,Jin Air,11:45,14:05,2시간 20분,2479231,619808
2026-07-15 23:58:21,3박4일,PUS,2027-02-14,2027-02-17,Jeju Air,10:45,12:55,2시간 10분,Jeju Air,10:15,13:00,2시간 45분,2711684,677921
2026-07-15 23:58:21,2박3일,PUS,2027-02-15,2027-02-17,Jeju Air,07:10,09:15,2시간 5분,Jeju Air,10:15,13:00,2시간 45분,2411284,602821
2026-07-15 23:58:21,3박4일,PUS,2027-02-15,2027-02-18,Jeju Air,07:10,09:15,2시간 5분,Jeju Air,10:15,13:00,2시간 45분,2466415,616604
2026-07-15 23:58:21,2박3일,PUS,2027-02-16,2027-02-18,Jeju Air,07:10,09:15,2시간 5분,Jeju Air,10:15,13:00,2시간 45분,2326415,581604
2026-07-15 23:58:21,2박3일,PUS,2027-02-21,2027-02-23,Jeju Air,07:10,09:15,2시간 5분,Jeju Air,10:15,13:00,2시간 45분,2482415,620604
2026-07-16 08:47:23,3박4일,PUS,2027-01-25,2027-01-28,Jeju Air,07:10,09:15,2시간 5분,Jeju Air,10:15,13:00,2시간 45분,2088604,522151
2026-07-16 08:47:23,3박4일,PUS,2027-01-27,2027-01-30,Jeju Air,07:10,09:15,2시간 5분,Jeju Air,10:15,13:00,2시간 45분,1920553,480138
2026-07-16 08:47:23,2박3일,PUS,2027-01-28,2027-01-30,Jeju Air,07:10,09:15,2시간 5분,Jeju Air,10:15,13:00,2시간 45분,2040553,510138
2026-07-16 08:47:23,3박4일,PUS,2027-01-29,2027-02-01,Jeju Air,07:10,09:15,2시간 5분,Jeju Air,10:15,13:00,2시간 45분,2043248,510812
2026-07-16 08:47:23,2박3일,PUS,2027-02-01,2027-02-03,Jeju Air,07:10,09:15,2시간 5분,Jeju Air,10:15,13:00,2시간 45분,2025892,506473
2026-07-16 08:47:23,3박4일,PUS,2027-02-01,2027-02-04,Jeju Air,07:10,09:15,2시간 5분,Jeju Air,10:15,13:00,2시간 45분,2095531,523883
2026-07-16 08:47:23,3박4일,PUS,2027-02-04,2027-02-07,Jeju Air,07:10,09:15,2시간 5분,Korean Air,12:45,15:05,2시간 20분,2705582,676396
2026-07-16 08:47:23,2박3일,PUS,2027-02-06,2027-02-08,Jeju Air,10:45,12:55,2시간 10분,Jeju Air,10:15,13:00,2시간 45분,3494319,873580
2026-07-16 08:47:23,2박3일,PUS,2027-02-13,2027-02-15,Jeju Air,07:10,09:15,2시간 5분,Jin Air,11:45,14:05,2시간 20분,2473474,618368
2026-07-16 08:47:23,3박4일,PUS,2027-02-13,2027-02-16,Jeju Air,07:10,09:15,2시간 5분,Jeju Air,10:15,13:00,2시간 45분,2396870,599218
2026-07-16 08:47:23,2박3일,PUS,2027-02-16,2027-02-18,Jeju Air,07:10,09:15,2시간 5분,Jeju Air,10:15,13:00,2시간 45분,2320870,580218
2026-07-16 08:47:23,3박4일,PUS,2027-02-16,2027-02-19,Jeju Air,07:10,09:15,2시간 5분,Jeju Air,10:15,13:00,2시간 45분,2489472,622368
2026-07-16 08:47:23,2박3일,PUS,2027-02-17,2027-02-19,Jeju Air,07:10,09:15,2시간 5분,Jeju Air,10:15,13:00,2시간 45분,2489472,622368
2026-07-16 08:47:23,3박4일,PUS,2027-02-17,2027-02-20,Jeju Air,07:10,09:15,2시간 5분,Jeju Air,10:15,13:00,2시간 45분,3053919,763480
2026-07-16 08:47:23,2박3일,PUS,2027-02-18,2027-02-20,Jin Air,13:30,15:35,2시간 5분,Jeju Air,10:15,13:00,2시간 45분,3147919,786980
2026-07-16 08:47:23,3박4일,PUS,2027-02-18,2027-02-21,Jin Air,13:30,15:35,2시간 5분,Jeju Air,10:15,13:00,2시간 45분,2660442,665110
2026-07-16 08:47:23,2박3일,PUS,2027-02-19,2027-02-21,Jin Air,13:30,15:35,2시간 5분,Jeju Air,10:15,13:00,2시간 45분,2740442,685110
2026-07-16 08:47:23,3박4일,PUS,2027-02-20,2027-02-23,Jin Air,13:30,15:35,2시간 5분,Jeju Air,10:15,13:00,2시간 45분,2494870,623718
2026-07-16 16:27:11,2박3일,PUS,2027-01-25,2027-01-27,Jeju Air,07:10,09:15,2시간 5분,Jeju Air,10:15,13:00,2시간 45분,2028519,507130
2026-07-16 16:27:11,3박4일,PUS,2027-01-25,2027-01-28,Jeju Air,07:10,09:15,2시간 5분,Jeju Air,10:15,13:00,2시간 45분,2083230,520808
2026-07-16 16:27:11,2박3일,PUS,2027-01-26,2027-01-28,Jeju Air,07:10,09:15,2시간 5분,Jeju Air,10:15,13:00,2시간 45분,1963230,490808
2026-07-16 16:27:11,3박4일,PUS,2027-02-02,2027-02-05,Jeju Air,07:10,09:15,2시간 5분,Jeju Air,10:15,13:00,2시간 45분,2122441,530610
2026-07-16 16:27:11,2박3일,PUS,2027-02-05,2027-02-07,Jeju Air,10:45,12:55,2시간 10분,Korean Air,12:45,15:05,2시간 20분,2982659,745665
2026-07-16 16:27:11,2박3일,PUS,2027-02-08,2027-02-10,Jeju Air,07:10,09:15,2시간 5분,Jeju Air,10:15,13:00,2시간 45분,2820146,705036
2026-07-16 16:27:11,3박4일,PUS,2027-02-08,2027-02-11,Jeju Air,07:10,09:15,2시간 5분,Korean Air,19:40,22:00,2시간 20분,2500631,625158
2026-07-16 16:27:11,2박3일,PUS,2027-02-10,2027-02-12,Jeju Air,07:10,09:15,2시간 5분,Jeju Air,10:15,13:00,2시간 45분,2138441,534610
2026-07-16 16:27:11,3박4일,PUS,2027-02-13,2027-02-16,Jeju Air,07:10,09:15,2시간 5분,Jeju Air,10:15,13:00,2시간 45분,2390660,597665
2026-07-16 16:27:11,3박4일,PUS,2027-02-17,2027-02-20,Jeju Air,07:10,09:15,2시간 5분,Jeju Air,10:15,13:00,2시간 45분,3044146,761036
2026-07-16 16:27:11,2박3일,PUS,2027-02-18,2027-02-20,Jin Air,13:30,15:35,2시간 5분,Jeju Air,10:15,13:00,2시간 45분,3138146,784536
2026-07-17 00:08:16,3박4일,PUS,2027-01-26,2027-01-29,Jeju Air,07:10,09:15,2시간 5분,Jeju Air,10:15,13:00,2시간 45분,2094831,523708
2026-07-17 00:08:16,2박3일,PUS,2027-01-27,2027-01-29,Jeju Air,07:10,09:15,2시간 5분,Jeju Air,10:15,13:00,2시간 45분,1914831,478708
2026-07-17 00:08:16,3박4일,PUS,2027-01-27,2027-01-30,Jeju Air,07:10,09:15,2시간 5분,Jeju Air,10:15,13:00,2시간 45분,1914831,478708
2026-07-17 00:08:16,2박3일,PUS,2027-01-29,2027-01-31,Jeju Air,07:10,09:15,2시간 5분,Jeju Air,10:15,13:00,2시간 45분,2165555,541389
2026-07-17 00:08:16,3박4일,PUS,2027-01-29,2027-02-01,Jeju Air,07:10,09:15,2시간 5분,Jeju Air,10:15,13:00,2시간 45분,2037865,509466
2026-07-17 00:08:16,2박3일,PUS,2027-02-01,2027-02-03,Jeju Air,07:10,09:15,2시간 5분,Jeju Air,10:15,13:00,2시간 45분,2020238,505060
2026-07-17 00:08:16,3박4일,PUS,2027-02-01,2027-02-04,Jeju Air,07:10,09:15,2시간 5분,Jeju Air,10:15,13:00,2시간 45분,2089555,522389
2026-07-17 00:08:16,2박3일,PUS,2027-02-03,2027-02-05,Jeju Air,07:10,09:15,2시간 5분,Jeju Air,10:15,13:00,2시간 45분,2122784,530696
2026-07-17 00:08:16,3박4일,PUS,2027-02-03,2027-02-06,Jeju Air,07:10,09:15,2시간 5분,Korean Air,12:45,15:05,2시간 20분,2182616,545654
2026-07-17 00:08:16,2박3일,PUS,2027-02-06,2027-02-08,Jeju Air,07:10,09:15,2시간 5분,Jeju Air,10:15,13:00,2시간 45분,3485022,871256
2026-07-17 00:08:16,3박4일,PUS,2027-02-08,2027-02-11,Jeju Air,07:10,09:15,2시간 5분,Korean Air,19:40,22:00,2시간 20분,2501031,625258
2026-07-17 00:08:16,3박4일,PUS,2027-02-12,2027-02-15,Jeju Air,07:10,09:15,2시간 5분,Jin Air,11:45,14:05,2시간 20분,2227212,556803
2026-07-17 00:08:16,3박4일,PUS,2027-02-16,2027-02-19,Jeju Air,07:10,09:15,2시간 5분,Jeju Air,10:15,13:00,2시간 45분,2482784,620696
2026-07-17 00:08:16,2박3일,PUS,2027-02-17,2027-02-19,Jeju Air,07:10,09:15,2시간 5분,Jeju Air,10:15,13:00,2시간 45분,2482784,620696
2026-07-17 00:08:16,3박4일,PUS,2027-02-20,2027-02-23,Jin Air,13:30,15:35,2시간 5분,Jeju Air,10:15,13:00,2시간 45분,2488962,622240
2026-07-17 00:08:16,2박3일,PUS,2027-02-21,2027-02-23,Jeju Air,07:10,09:15,2시간 5분,Jeju Air,10:15,13:00,2시간 45분,2470962,617740
2026-07-17 08:46:04,3박4일,PUS,2027-01-28,2027-01-31,Jeju Air,07:10,09:15,2시간 5분,Jeju Air,10:15,13:00,2시간 45분,2087851,521963
2026-07-17 08:46:04,2박3일,PUS,2027-01-29,2027-01-31,Jeju Air,07:10,09:15,2시간 5분,Jeju Air,10:15,13:00,2시간 45분,2163851,540963
2026-07-17 08:46:04,3박4일,PUS,2027-01-29,2027-02-01,Jeju Air,07:10,09:15,2시간 5분,Jeju Air,10:15,13:00,2시간 45분,2036290,509072
2026-07-17 08:46:04,2박3일,PUS,2027-01-30,2027-02-01,Jeju Air,07:10,09:15,2시간 5분,Jeju Air,10:15,13:00,2시간 45분,2096290,524072
2026-07-17 08:46:04,3박4일,PUS,2027-01-30,2027-02-02,Jeju Air,07:10,09:15,2시간 5분,Jeju Air,10:15,13:00,2시간 45분,2037976,509494
2026-07-17 08:46:04,2박3일,PUS,2027-01-31,2027-02-02,Jeju Air,07:10,09:15,2시간 5분,Jeju Air,10:15,13:00,2시간 45분,1917976,479494
2026-07-17 08:46:04,3박4일,PUS,2027-01-31,2027-02-03,Jeju Air,07:10,09:15,2시간 5분,Jeju Air,10:15,13:00,2시간 45분,2034603,508651
2026-07-17 08:46:04,2박3일,PUS,2027-02-01,2027-02-03,Jeju Air,07:10,09:15,2시간 5분,Jeju Air,10:15,13:00,2시간 45분,2018603,504651
2026-07-17 08:46:04,3박4일,PUS,2027-02-01,2027-02-04,Jeju Air,07:10,09:15,2시간 5분,Jeju Air,10:15,13:00,2시간 45분,2087851,521963
2026-07-17 08:46:04,2박3일,PUS,2027-02-03,2027-02-05,Jeju Air,07:10,09:15,2시간 5분,Jeju Air,10:15,13:00,2시간 45분,2120924,530231
2026-07-17 08:46:04,3박4일,PUS,2027-02-03,2027-02-06,Jeju Air,07:10,09:15,2시간 5분,Korean Air,12:45,15:05,2시간 20분,2180695,545174
2026-07-17 08:46:04,2박3일,PUS,2027-02-06,2027-02-08,Jeju Air,07:10,09:15,2시간 5분,Jeju Air,10:15,13:00,2시간 45분,3482592,870648
2026-07-17 08:46:04,3박4일,PUS,2027-02-06,2027-02-09,Jeju Air,07:10,09:15,2시간 5분,Jeju Air,10:15,13:00,2시간 45분,3482592,870648
2026-07-17 08:46:04,2박3일,PUS,2027-02-07,2027-02-09,Jeju Air,07:10,09:15,2시간 5분,Jeju Air,10:15,13:00,2시간 45분,3198192,799548
2026-07-17 08:46:04,3박4일,PUS,2027-02-07,2027-02-10,Jeju Air,07:10,09:15,2시간 5분,Jeju Air,10:15,13:00,2시간 45분,3198192,799548
2026-07-17 08:46:04,2박3일,PUS,2027-02-08,2027-02-10,Jeju Air,07:10,09:15,2시간 5분,Jeju Air,10:15,13:00,2시간 45분,2818192,704548
2026-07-17 08:46:04,3박4일,PUS,2027-02-08,2027-02-11,Jeju Air,07:10,09:15,2시간 5분,Korean Air,19:40,22:00,2시간 20분,2498925,624731
2026-07-17 08:46:04,3박4일,PUS,2027-02-10,2027-02-13,Jeju Air,07:10,09:15,2시간 5분,Jeju Air,10:15,13:00,2시간 45분,2136924,534231
2026-07-17 08:46:04,2박3일,PUS,2027-02-12,2027-02-14,Jeju Air,07:10,09:15,2시간 5분,Jeju Air,10:15,13:00,2시간 45분,2393460,598365
2026-07-17 08:46:04,2박3일,PUS,2027-02-14,2027-02-16,Jeju Air,10:45,12:55,2시간 10분,Jeju Air,10:15,13:00,2시간 45분,2753672,688418
2026-07-17 08:46:04,3박4일,PUS,2027-02-14,2027-02-17,Jeju Air,10:45,12:55,2시간 10분,Jeju Air,10:15,13:00,2시간 45분,2699003,674751
2026-07-17 08:46:04,2박3일,PUS,2027-02-15,2027-02-17,Jeju Air,07:10,09:15,2시간 5분,Jeju Air,10:15,13:00,2시간 45분,2398603,599651
2026-07-17 08:46:04,2박3일,PUS,2027-02-17,2027-02-19,Jeju Air,07:10,09:15,2시간 5분,Jeju Air,10:15,13:00,2시간 45분,2480924,620231
2026-07-17 08:46:04,3박4일,PUS,2027-02-17,2027-02-20,Jeju Air,07:10,09:15,2시간 5분,Jeju Air,10:15,13:00,2시간 45분,3042192,760548
2026-07-17 08:46:04,3박4일,PUS,2027-02-19,2027-02-22,Jin Air,13:30,15:35,2시간 5분,Jin Air,11:45,14:05,2시간 20분,2563844,640961
2026-07-17 08:46:04,2박3일,PUS,2027-02-20,2027-02-22,Jin Air,13:30,15:35,2시간 5분,Jin Air,11:45,14:05,2시간 20분,2563844,640961
2026-07-17 08:46:04,3박4일,PUS,2027-02-20,2027-02-23,Jin Air,13:30,15:35,2시간 5분,Jeju Air,10:15,13:00,2시간 45분,2487672,621918
2026-07-17 16:23:48,3박4일,PUS,2027-01-25,2027-01-28,Jeju Air,07:10,09:15,2시간 5분,Jeju Air,10:15,13:00,2시간 45분,2083993,520998
2026-07-17 16:23:48,2박3일,PUS,2027-01-26,2027-01-28,Jeju Air,07:10,09:15,2시간 5분,Jeju Air,10:15,13:00,2시간 45분,1963993,490998
2026-07-17 16:23:48,3박4일,PUS,2027-01-27,2027-01-30,Jeju Air,07:10,09:15,2시간 5분,Jeju Air,10:15,13:00,2시간 45분,1915439,478860
2026-07-17 16:23:48,2박3일,PUS,2027-01-28,2027-01-30,Jeju Air,07:10,09:15,2시간 5분,Jeju Air,10:15,13:00,2시간 45분,2035439,508860
2026-07-17 16:23:48,3박4일,PUS,2027-01-28,2027-01-31,Jeju Air,07:10,09:15,2시간 5분,Jeju Air,10:15,13:00,2시간 45분,2090209,522552
2026-07-17 16:23:48,2박3일,PUS,2027-01-29,2027-01-31,Jeju Air,07:10,09:15,2시간 5분,Jeju Air,10:15,13:00,2시간 45분,2166209,541552
2026-07-17 16:23:48,3박4일,PUS,2027-01-29,2027-02-01,Jeju Air,07:10,09:15,2시간 5분,Jeju Air,10:15,13:00,2시간 45분,2038414,509604
2026-07-17 16:23:48,2박3일,PUS,2027-01-30,2027-02-01,Jeju Air,07:10,09:15,2시간 5분,Jeju Air,10:15,13:00,2시간 45분,2098414,524604
2026-07-17 16:23:48,3박4일,PUS,2027-02-03,2027-02-06,Jeju Air,07:10,09:15,2시간 5분,Korean Air,12:45,15:05,2시간 20분,2183444,545861
2026-07-17 16:23:48,2박3일,PUS,2027-02-04,2027-02-06,Jeju Air,07:10,09:15,2시간 5분,Korean Air,12:45,15:05,2시간 20분,2699444,674861
2026-07-17 16:23:48,3박4일,PUS,2027-02-04,2027-02-07,Jeju Air,07:10,09:15,2시간 5분,Korean Air,12:45,15:05,2시간 20분,2699444,674861
2026-07-17 16:23:48,2박3일,PUS,2027-02-05,2027-02-07,Jeju Air,07:10,09:15,2시간 5분,Korean Air,12:45,15:05,2시간 20분,2983844,745961
2026-07-17 16:23:48,2박3일,PUS,2027-02-08,2027-02-10,Jeju Air,07:10,09:15,2시간 5분,Jeju Air,14:05,16:45,2시간 40분,2821860,705465
2026-07-17 16:23:48,3박4일,PUS,2027-02-08,2027-02-11,Jeju Air,07:10,09:15,2시간 5분,Korean Air,19:40,22:00,2시간 20분,2502008,625502
2026-07-17 16:23:48,2박3일,PUS,2027-02-09,2027-02-11,Jeju Air,07:10,09:15,2시간 5분,Korean Air,19:40,22:00,2시간 20분,2382008,595502
2026-07-17 16:23:48,3박4일,PUS,2027-02-09,2027-02-12,Jeju Air,07:10,09:15,2시간 5분,Jeju Air,10:15,13:00,2시간 45분,2139563,534891
2026-07-17 16:23:48,2박3일,PUS,2027-02-11,2027-02-13,Jeju Air,07:10,09:15,2시간 5분,Jeju Air,10:15,13:00,2시간 45분,2259563,564891
2026-07-17 16:23:48,3박4일,PUS,2027-02-14,2027-02-17,Jeju Air,10:45,12:55,2시간 10분,Jeju Air,10:15,13:00,2시간 45분,2701234,675308
2026-07-17 16:23:48,2박3일,PUS,2027-02-15,2027-02-17,Jeju Air,07:10,09:15,2시간 5분,Jeju Air,10:15,13:00,2시간 45분,2400834,600208
2026-07-17 16:23:48,3박4일,PUS,2027-02-15,2027-02-18,Jeju Air,07:10,09:15,2시간 5분,Jeju Air,10:15,13:00,2시간 45분,2455603,613901
2026-07-17 16:23:48,2박3일,PUS,2027-02-18,2027-02-20,Jin Air,13:30,15:35,2시간 5분,Jeju Air,10:15,13:00,2시간 45분,3140260,785065
2026-07-17 16:23:48,3박4일,PUS,2027-02-18,2027-02-21,Jin Air,13:30,15:35,2시간 5분,Jeju Air,10:15,13:00,2시간 45분,2654640,663660
2026-07-17 16:23:48,2박3일,PUS,2027-02-21,2027-02-23,Jeju Air,07:10,09:15,2시간 5분,Jeju Air,10:15,13:00,2시간 45분,2471603,617901
2026-07-17 23:48:53,2박3일,PUS,2027-01-25,2027-01-27,Jeju Air,07:10,09:15,2시간 5분,Jeju Air,10:15,13:00,2시간 45분,2031407,507852
2026-07-17 23:48:53,2박3일,PUS,2027-02-03,2027-02-05,Jeju Air,07:10,09:15,2시간 5분,Jeju Air,10:15,13:00,2시간 45분,2126568,531642
2026-07-17 23:48:53,3박4일,PUS,2027-02-03,2027-02-06,Jeju Air,07:10,09:15,2시간 5분,Korean Air,12:45,15:05,2시간 20분,2186574,546644
2026-07-17 23:48:53,3박4일,PUS,2027-02-17,2027-02-20,Jeju Air,07:10,09:15,2시간 5분,Jeju Air,10:15,13:00,2시간 45분,3050039,762510
2026-07-17 23:48:53,2박3일,PUS,2027-02-18,2027-02-20,Jin Air,13:30,15:35,2시간 5분,Jeju Air,10:15,13:00,2시간 45분,3144439,786110
2026-07-17 23:48:53,3박4일,PUS,2027-02-18,2027-02-21,Jin Air,13:30,15:35,2시간 5분,Jeju Air,10:15,13:00,2시간 45분,2657805,664451
2026-07-18 08:40:39,3박4일,PUS,2027-01-25,2027-01-28,Jeju Air,07:10,09:15,2시간 5분,Jeju Air,10:15,13:00,2시간 45분,2087593,521898
2026-07-18 08:40:39,2박3일,PUS,2027-01-29,2027-01-31,Jeju Air,07:10,09:15,2시간 5분,Jeju Air,10:15,13:00,2시간 45분,2170417,542604
2026-07-18 08:40:39,3박4일,PUS,2027-01-29,2027-02-01,Jeju Air,07:10,09:15,2시간 5분,Jeju Air,10:15,13:00,2시간 45분,2042205,510551
2026-07-18 08:40:39,2박3일,PUS,2027-01-30,2027-02-01,Jeju Air,07:10,09:15,2시간 5분,Jeju Air,10:15,13:00,2시간 45분,2102205,525551
2026-07-18 08:40:39,3박4일,PUS,2027-01-30,2027-02-02,Jeju Air,07:10,09:15,2시간 5분,Jeju Air,10:15,13:00,2시간 45분,2043593,510898
2026-07-18 08:40:39,2박3일,PUS,2027-01-31,2027-02-02,Jeju Air,07:10,09:15,2시간 5분,Jeju Air,10:15,13:00,2시간 45분,1923593,480898
2026-07-18 08:40:39,3박4일,PUS,2027-02-01,2027-02-04,Jeju Air,07:10,09:15,2시간 5분,Jeju Air,10:15,13:00,2시간 45분,2094417,523604
2026-07-18 08:40:39,2박3일,PUS,2027-02-02,2027-02-04,Jeju Air,07:10,09:15,2시간 5분,Jeju Air,10:15,13:00,2시간 45분,1974417,493604
2026-07-18 08:40:39,3박4일,PUS,2027-02-02,2027-02-05,Jeju Air,07:10,09:15,2시간 5분,Jeju Air,10:15,13:00,2시간 45분,2128272,532068
2026-07-18 08:40:39,2박3일,PUS,2027-02-03,2027-02-05,Jeju Air,07:10,09:15,2시간 5분,Jeju Air,10:15,13:00,2시간 45분,2128272,532068
2026-07-18 08:40:39,3박4일,PUS,2027-02-03,2027-02-06,Jeju Air,07:10,09:15,2시간 5분,Korean Air,12:45,15:05,2시간 20분,2188349,547087
2026-07-18 08:40:39,2박3일,PUS,2027-02-04,2027-02-06,Jeju Air,07:10,09:15,2시간 5분,Korean Air,12:45,15:05,2시간 20분,2704349,676087
2026-07-18 08:40:39,3박4일,PUS,2027-02-04,2027-02-07,Jeju Air,07:10,09:15,2시간 5분,Korean Air,12:45,15:05,2시간 20분,2704349,676087
2026-07-18 08:40:39,2박3일,PUS,2027-02-05,2027-02-07,Jeju Air,07:10,09:15,2시간 5분,Korean Air,12:45,15:05,2시간 20분,2988749,747187
2026-07-18 08:40:39,3박4일,PUS,2027-02-05,2027-02-08,Jeju Air,07:10,09:15,2시간 5분,Jeju Air,10:15,13:00,2시간 45분,3492808,873202
2026-07-18 08:40:39,2박3일,PUS,2027-02-06,2027-02-08,Jeju Air,07:10,09:15,2시간 5분,Jeju Air,10:15,13:00,2시간 45분,3492808,873202
2026-07-18 08:40:39,3박4일,PUS,2027-02-06,2027-02-09,Jeju Air,07:10,09:15,2시간 5분,Jeju Air,14:05,16:45,2시간 40분,3492808,873202
2026-07-18 08:40:39,3박4일,PUS,2027-02-10,2027-02-13,Jeju Air,07:10,09:15,2시간 5분,Jeju Air,10:15,13:00,2시간 45분,2144272,536068
2026-07-18 08:40:39,3박4일,PUS,2027-02-13,2027-02-16,Jeju Air,07:10,09:15,2시간 5분,Jeju Air,10:15,13:00,2시간 45분,2395764,598941
2026-07-18 08:40:39,2박3일,PUS,2027-02-14,2027-02-16,Jeju Air,10:45,12:55,2시간 10분,Jeju Air,10:15,13:00,2시간 45분,2760164,690041
2026-07-18 08:40:39,3박4일,PUS,2027-02-17,2027-02-20,Jeju Air,07:10,09:15,2시간 5분,Jeju Air,10:15,13:00,2시간 45분,3052408,763102
2026-07-18 08:40:39,2박3일,PUS,2027-02-18,2027-02-20,Jin Air,13:30,15:35,2시간 5분,Jeju Air,10:15,13:00,2시간 45분,3145608,786402
2026-07-18 08:40:39,3박4일,PUS,2027-02-18,2027-02-21,Jin Air,13:30,15:35,2시간 5분,Jeju Air,10:15,13:00,2시간 45분,2658400,664600
2026-07-18 08:40:39,2박3일,PUS,2027-02-19,2027-02-21,Jin Air,13:30,15:35,2시간 5분,Jeju Air,10:15,13:00,2시간 45분,2738400,684600
2026-07-18 08:40:39,3박4일,PUS,2027-02-21,2027-02-24,Jeju Air,07:10,09:15,2시간 5분,Jeju Air,10:15,13:00,2시간 45분,2420816,605204
2026-07-18 16:03:24,2박3일,PUS,2027-01-25,2027-01-27,Jeju Air,07:10,09:15,2시간 5분,Jeju Air,10:15,13:00,2시간 45분,2032433,508108
2026-07-18 16:03:24,3박4일,PUS,2027-01-25,2027-01-28,Jeju Air,07:10,09:15,2시간 5분,Jeju Air,10:15,13:00,2시간 45분,2087370,521842
2026-07-18 16:03:24,3박4일,PUS,2027-01-28,2027-01-31,Jeju Air,07:10,09:15,2시간 5분,Jeju Air,10:15,13:00,2시간 45분,2094156,523539
2026-07-18 16:03:24,2박3일,PUS,2027-01-29,2027-01-31,Jeju Air,07:10,09:15,2시간 5분,Jeju Air,10:15,13:00,2시간 45분,2170156,542539
2026-07-18 16:03:24,3박4일,PUS,2027-01-29,2027-02-01,Jeju Air,07:10,09:15,2시간 5분,Jeju Air,10:15,13:00,2시간 45분,2041970,510492
2026-07-18 16:03:24,3박4일,PUS,2027-01-31,2027-02-03,Jeju Air,07:10,09:15,2시간 5분,Jeju Air,10:15,13:00,2시간 45분,2040569,510142
2026-07-18 16:03:24,3박4일,PUS,2027-02-02,2027-02-05,Jeju Air,07:10,09:15,2시간 5분,Jeju Air,10:15,13:00,2시간 45분,2127980,531995
2026-07-18 16:03:24,2박3일,PUS,2027-02-03,2027-02-05,Jeju Air,07:10,09:15,2시간 5분,Jeju Air,10:15,13:00,2시간 45분,2127980,531995
2026-07-18 16:03:24,3박4일,PUS,2027-02-03,2027-02-06,Jeju Air,07:10,09:15,2시간 5분,Korean Air,12:45,15:05,2시간 20분,2188045,547011
2026-07-18 16:03:24,2박3일,PUS,2027-02-04,2027-02-06,Jeju Air,07:10,09:15,2시간 5분,Korean Air,12:45,15:05,2시간 20분,2704045,676011
2026-07-18 16:03:24,3박4일,PUS,2027-02-06,2027-02-09,Jeju Air,07:10,09:15,2시간 5분,Jeju Air,10:15,13:00,2시간 45분,3492402,873100
2026-07-18 16:03:24,2박3일,PUS,2027-02-07,2027-02-09,Jeju Air,07:10,09:15,2시간 5분,Jeju Air,10:15,13:00,2시간 45분,3208002,802000
2026-07-18 16:03:24,3박4일,PUS,2027-02-07,2027-02-10,Jeju Air,07:10,09:15,2시간 5분,Jeju Air,10:15,13:00,2시간 45분,3208002,802000
2026-07-18 16:03:24,3박4일,PUS,2027-02-09,2027-02-12,Jeju Air,07:10,09:15,2시간 5분,Jeju Air,10:15,13:00,2시간 45분,2143980,535995
2026-07-18 16:03:24,2박3일,PUS,2027-02-11,2027-02-13,Jeju Air,07:10,09:15,2시간 5분,Jeju Air,10:15,13:00,2시간 45분,2263980,565995
2026-07-18 16:03:24,3박4일,PUS,2027-02-11,2027-02-14,Jeju Air,07:10,09:15,2시간 5분,Jeju Air,10:15,13:00,2시간 45분,2340892,585223
2026-07-18 16:03:24,2박3일,PUS,2027-02-12,2027-02-14,Jeju Air,07:10,09:15,2시간 5분,Jeju Air,10:15,13:00,2시간 45분,2400892,600223
2026-07-18 16:03:24,3박4일,PUS,2027-02-12,2027-02-15,Jeju Air,07:10,09:15,2시간 5분,Jin Air,11:45,14:05,2시간 20분,2232052,558013
2026-07-18 16:03:24,2박3일,PUS,2027-02-13,2027-02-15,Jeju Air,07:10,09:15,2시간 5분,Jin Air,11:45,14:05,2시간 20분,2472052,618013
2026-07-18 16:03:24,3박4일,PUS,2027-02-16,2027-02-19,Jeju Air,07:10,09:15,2시간 5분,Jeju Air,10:15,13:00,2시간 45분,2487980,621995
2026-07-18 16:03:24,2박3일,PUS,2027-02-17,2027-02-19,Jeju Air,07:10,09:15,2시간 5분,Jeju Air,10:15,13:00,2시간 45분,2487980,621995
2026-07-18 16:03:24,3박4일,PUS,2027-02-17,2027-02-20,Jeju Air,07:10,09:15,2시간 5분,Jeju Air,10:15,13:00,2시간 45분,3052002,763000
2026-07-18 16:03:24,2박3일,PUS,2027-02-19,2027-02-21,Jin Air,13:30,15:35,2시간 5분,Jeju Air,10:15,13:00,2시간 45분,2738092,684523
2026-07-18 16:03:24,3박4일,PUS,2027-02-19,2027-02-22,Jin Air,13:30,15:35,2시간 5분,Jin Air,11:45,14:05,2시간 20분,2569252,642313
2026-07-18 23:22:18,2박3일,PUS,2027-01-25,2027-01-27,Jeju Air,07:10,09:15,2시간 5분,Jeju Air,10:15,13:00,2시간 45분,2032433,508108
2026-07-18 23:22:18,3박4일,PUS,2027-01-25,2027-01-28,Jeju Air,07:10,09:15,2시간 5분,Jeju Air,10:15,13:00,2시간 45분,2087370,521842
2026-07-18 23:22:18,2박3일,PUS,2027-01-26,2027-01-28,Jeju Air,07:10,09:15,2시간 5분,Jeju Air,10:15,13:00,2시간 45분,1967370,491842
2026-07-18 23:22:18,2박3일,PUS,2027-02-01,2027-02-03,Jeju Air,07:10,09:15,2시간 5분,Jeju Air,10:15,13:00,2시간 45분,2024569,506142
2026-07-18 23:22:18,3박4일,PUS,2027-02-03,2027-02-06,Jeju Air,07:10,09:15,2시간 5분,Korean Air,12:45,15:05,2시간 20분,2188045,547011
2026-07-18 23:22:18,2박3일,PUS,2027-02-04,2027-02-06,Jeju Air,07:10,09:15,2시간 5분,Korean Air,12:45,15:05,2시간 20분,2704045,676011
2026-07-18 23:22:18,3박4일,PUS,2027-02-04,2027-02-07,Jeju Air,07:10,09:15,2시간 5분,Korean Air,12:45,15:05,2시간 20분,2704045,676011
2026-07-18 23:22:18,2박3일,PUS,2027-02-05,2027-02-07,Jeju Air,10:45,12:55,2시간 10분,Korean Air,12:45,15:05,2시간 20분,2988445,747111
2026-07-18 23:22:18,3박4일,PUS,2027-02-05,2027-02-08,Jeju Air,10:45,12:55,2시간 10분,Jeju Air,10:15,13:00,2시간 45분,3492402,873100
2026-07-18 23:22:18,2박3일,PUS,2027-02-06,2027-02-08,Jeju Air,07:10,09:15,2시간 5분,Jeju Air,10:15,13:00,2시간 45분,3492402,873100
2026-07-18 23:22:18,3박4일,PUS,2027-02-07,2027-02-10,Jeju Air,07:10,09:15,2시간 5분,Jeju Air,10:15,13:00,2시간 45분,3208002,802000
2026-07-18 23:22:18,2박3일,PUS,2027-02-08,2027-02-10,Jeju Air,07:10,09:15,2시간 5분,Jeju Air,10:15,13:00,2시간 45분,2828002,707000
2026-07-18 23:22:18,2박3일,PUS,2027-02-10,2027-02-12,Jeju Air,07:10,09:15,2시간 5분,Jeju Air,10:15,13:00,2시간 45분,2143980,535995
2026-07-18 23:22:18,3박4일,PUS,2027-02-10,2027-02-13,Jeju Air,07:10,09:15,2시간 5분,Jeju Air,10:15,13:00,2시간 45분,2143980,535995
2026-07-18 23:22:18,2박3일,PUS,2027-02-11,2027-02-13,Jeju Air,07:10,09:15,2시간 5분,Jeju Air,10:15,13:00,2시간 45분,2263980,565995
2026-07-18 23:22:18,3박4일,PUS,2027-02-12,2027-02-15,Jeju Air,07:10,09:15,2시간 5분,Jin Air,11:45,14:05,2시간 20분,2232052,558013
2026-07-18 23:22:18,2박3일,PUS,2027-02-16,2027-02-18,Jeju Air,07:10,09:15,2시간 5분,Jeju Air,10:15,13:00,2시간 45분,2319506,579876
2026-07-18 23:22:18,2박3일,PUS,2027-02-18,2027-02-20,Jin Air,13:30,15:35,2시간 5분,Jeju Air,10:15,13:00,2시간 45분,3145202,786300
2026-07-18 23:22:18,3박4일,PUS,2027-02-18,2027-02-21,Jin Air,13:30,15:35,2시간 5분,Jeju Air,10:15,13:00,2시간 45분,2658092,664523
2026-07-18 23:22:18,2박3일,PUS,2027-02-19,2027-02-21,Jin Air,13:30,15:35,2시간 5분,Jeju Air,10:15,13:00,2시간 45분,2738092,684523
2026-07-18 23:22:18,3박4일,PUS,2027-02-19,2027-02-22,Jin Air,13:30,15:35,2시간 5분,Jin Air,11:45,14:05,2시간 20분,2569252,642313
2026-07-18 23:22:18,2박3일,PUS,2027-02-20,2027-02-22,Jin Air,13:30,15:35,2시간 5분,Jin Air,11:45,14:05,2시간 20분,2569252,642313
2026-07-18 23:22:18,3박4일,PUS,2027-02-20,2027-02-23,Jin Air,13:30,15:35,2시간 5분,Jeju Air,10:15,13:00,2시간 45분,2492706,623176
2026-07-18 23:22:18,2박3일,PUS,2027-02-21,2027-02-23,Jeju Air,07:10,09:15,2시간 5분,Jeju Air,10:15,13:00,2시간 45분,2475506,618876
2026-07-18 23:22:18,3박4일,PUS,2027-02-21,2027-02-24,Jeju Air,07:10,09:15,2시간 5분,Jeju Air,10:15,13:00,2시간 45분,2420569,605142
2026-07-19 08:40:27,3박4일,PUS,2027-01-25,2027-01-28,Jeju Air,07:10,09:15,2시간 5분,Jeju Air,10:15,13:00,2시간 45분,2087370,521842
2026-07-19 08:40:27,2박3일,PUS,2027-01-26,2027-01-28,Jeju Air,07:10,09:15,2시간 5분,Jeju Air,10:15,13:00,2시간 45분,1967370,491842
2026-07-19 08:40:27,2박3일,PUS,2027-01-28,2027-01-30,Jeju Air,07:10,09:15,2시간 5분,Jeju Air,10:15,13:00,2시간 45분,2039219,509805
2026-07-19 08:40:27,3박4일,PUS,2027-01-28,2027-01-31,Jeju Air,07:10,09:15,2시간 5분,Jeju Air,10:15,13:00,2시간 45분,2094156,523539
2026-07-19 08:40:27,2박3일,PUS,2027-01-29,2027-01-31,Jeju Air,07:10,09:15,2시간 5분,Jeju Air,10:15,13:00,2시간 45분,2170156,542539
2026-07-19 08:40:27,3박4일,PUS,2027-01-29,2027-02-01,Jeju Air,07:10,09:15,2시간 5분,Jeju Air,10:15,13:00,2시간 45분,2041970,510492
2026-07-19 08:40:27,2박3일,PUS,2027-01-30,2027-02-01,Jeju Air,07:10,09:15,2시간 5분,Jeju Air,10:15,13:00,2시간 45분,2101970,525492
2026-07-19 08:40:27,3박4일,PUS,2027-01-30,2027-02-02,Jeju Air,07:10,09:15,2시간 5분,Jeju Air,10:15,13:00,2시간 45분,2043370,510842
2026-07-19 08:40:27,3박4일,PUS,2027-02-01,2027-02-04,Jeju Air,07:10,09:15,2시간 5분,Jeju Air,10:15,13:00,2시간 45분,2094156,523539
2026-07-19 08:40:27,2박3일,PUS,2027-02-02,2027-02-04,Jeju Air,07:10,09:15,2시간 5분,Jeju Air,10:15,13:00,2시간 45분,1974156,493539
2026-07-19 08:40:27,3박4일,PUS,2027-02-02,2027-02-05,Jeju Air,07:10,09:15,2시간 5분,Jeju Air,10:15,13:00,2시간 45분,2127980,531995
2026-07-19 08:40:27,2박3일,PUS,2027-02-03,2027-02-05,Jeju Air,07:10,09:15,2시간 5분,Jeju Air,10:15,13:00,2시간 45분,2127980,531995
2026-07-19 08:40:27,3박4일,PUS,2027-02-03,2027-02-06,Jeju Air,07:10,09:15,2시간 5분,Korean Air,12:45,15:05,2시간 20분,2188045,547011
2026-07-19 08:40:27,2박3일,PUS,2027-02-04,2027-02-06,Jeju Air,07:10,09:15,2시간 5분,Korean Air,12:45,15:05,2시간 20분,2704045,676011
2026-07-19 08:40:27,3박4일,PUS,2027-02-05,2027-02-08,Jeju Air,10:45,12:55,2시간 10분,Jeju Air,10:15,13:00,2시간 45분,3492402,873100
2026-07-19 08:40:27,2박3일,PUS,2027-02-06,2027-02-08,Jeju Air,07:10,09:15,2시간 5분,Jeju Air,10:15,13:00,2시간 45분,3492402,873100
2026-07-19 08:40:27,3박4일,PUS,2027-02-12,2027-02-15,Jeju Air,07:10,09:15,2시간 5분,Jin Air,11:45,14:05,2시간 20분,2232052,558013
2026-07-19 08:40:27,2박3일,PUS,2027-02-13,2027-02-15,Jeju Air,07:10,09:15,2시간 5분,Jin Air,11:45,14:05,2시간 20분,2472052,618013
2026-07-19 08:40:27,3박4일,PUS,2027-02-13,2027-02-16,Jeju Air,07:10,09:15,2시간 5분,Jeju Air,10:15,13:00,2시간 45분,2395506,598876
2026-07-19 08:40:27,2박3일,PUS,2027-02-15,2027-02-17,Jeju Air,07:10,09:15,2시간 5분,Jeju Air,10:15,13:00,2시간 45분,2404569,601142
2026-07-19 08:40:27,2박3일,PUS,2027-02-19,2027-02-21,Jin Air,13:30,15:35,2시간 5분,Jeju Air,10:15,13:00,2시간 45분,2738092,684523
2026-07-19 08:40:27,3박4일,PUS,2027-02-21,2027-02-24,Jeju Air,07:10,09:15,2시간 5분,Jeju Air,10:15,13:00,2시간 45분,2420569,605142
2026-07-19 16:31:33,3박4일,PUS,2027-01-25,2027-01-28,Jeju Air,07:10,09:15,2시간 5분,Jeju Air,10:15,13:00,2시간 45분,2087253,521813
2026-07-19 16:31:33,2박3일,PUS,2027-01-26,2027-01-28,Jeju Air,07:10,09:15,2시간 5분,Jeju Air,10:15,13:00,2시간 45분,1967253,491813
2026-07-19 16:31:33,3박4일,PUS,2027-01-31,2027-02-03,Jeju Air,07:10,09:15,2시간 5분,Jeju Air,10:15,13:00,2시간 45분,2040440,510110
2026-07-19 16:31:33,2박3일,PUS,2027-02-01,2027-02-03,Jeju Air,07:10,09:15,2시간 5분,Jeju Air,10:15,13:00,2시간 45분,2024440,506110
2026-07-19 16:31:33,3박4일,PUS,2027-02-01,2027-02-04,Jeju Air,07:10,09:15,2시간 5분,Jeju Air,10:15,13:00,2시간 45분,2094020,523505
2026-07-19 16:31:33,2박3일,PUS,2027-02-02,2027-02-04,Jeju Air,07:10,09:15,2시간 5분,Jeju Air,10:15,13:00,2시간 45분,1974020,493505
2026-07-19 16:31:33,3박4일,PUS,2027-02-03,2027-02-06,Jeju Air,07:10,09:15,2시간 5분,Korean Air,12:45,15:05,2시간 20분,2187886,546972
2026-07-19 16:31:33,2박3일,PUS,2027-02-04,2027-02-06,Jeju Air,07:10,09:15,2시간 5분,Korean Air,12:45,15:05,2시간 20분,2703886,675972
2026-07-19 16:31:33,3박4일,PUS,2027-02-04,2027-02-07,Jeju Air,07:10,09:15,2시간 5분,Korean Air,12:45,15:05,2시간 20분,2703886,675972
2026-07-19 16:31:33,2박3일,PUS,2027-02-05,2027-02-07,Jeju Air,10:45,12:55,2시간 10분,Korean Air,12:45,15:05,2시간 20분,2988286,747072
2026-07-19 16:31:33,3박4일,PUS,2027-02-05,2027-02-08,Jeju Air,10:45,12:55,2시간 10분,Jeju Air,10:15,13:00,2시간 45분,3492190,873048
2026-07-19 16:31:33,2박3일,PUS,2027-02-06,2027-02-08,Jeju Air,07:10,09:15,2시간 5분,Jeju Air,10:15,13:00,2시간 45분,3492190,873048
2026-07-19 16:31:33,3박4일,PUS,2027-02-06,2027-02-09,Jeju Air,07:10,09:15,2시간 5분,Jeju Air,10:15,13:00,2시간 45분,3492190,873048
2026-07-19 16:31:33,2박3일,PUS,2027-02-07,2027-02-09,Jeju Air,07:10,09:15,2시간 5분,Jeju Air,10:15,13:00,2시간 45분,3207790,801948
2026-07-19 16:31:33,3박4일,PUS,2027-02-07,2027-02-10,Jeju Air,07:10,09:15,2시간 5분,Jeju Air,10:15,13:00,2시간 45분,3207790,801948
2026-07-19 16:31:33,2박3일,PUS,2027-02-08,2027-02-10,Jeju Air,07:10,09:15,2시간 5분,Jeju Air,10:15,13:00,2시간 45분,2827790,706948
2026-07-19 16:31:33,3박4일,PUS,2027-02-09,2027-02-12,Jeju Air,07:10,09:15,2시간 5분,Jeju Air,10:15,13:00,2시간 45분,2143828,535957
2026-07-19 16:31:33,2박3일,PUS,2027-02-11,2027-02-13,Jeju Air,07:10,09:15,2시간 5분,Jeju Air,10:15,13:00,2시간 45분,2263828,565957
2026-07-19 16:31:33,3박4일,PUS,2027-02-11,2027-02-14,Jeju Air,07:10,09:15,2시간 5분,Jeju Air,10:15,13:00,2시간 45분,2340732,585183
2026-07-19 16:31:33,2박3일,PUS,2027-02-12,2027-02-14,Jeju Air,07:10,09:15,2시간 5분,Jeju Air,10:15,13:00,2시간 45분,2400732,600183
2026-07-19 16:31:33,3박4일,PUS,2027-02-13,2027-02-16,Jeju Air,07:10,09:15,2시간 5분,Jeju Air,10:15,13:00,2시간 45분,2395371,598843
2026-07-19 16:31:33,3박4일,PUS,2027-02-16,2027-02-19,Jeju Air,07:10,09:15,2시간 5분,Jeju Air,10:15,13:00,2시간 45분,2487828,621957
2026-07-19 16:31:33,2박3일,PUS,2027-02-17,2027-02-19,Jeju Air,07:10,09:15,2시간 5분,Jeju Air,10:15,13:00,2시간 45분,2487828,621957
2026-07-19 16:31:33,3박4일,PUS,2027-02-17,2027-02-20,Jeju Air,07:10,09:15,2시간 5분,Jeju Air,10:15,13:00,2시간 45분,3051790,762948
2026-07-19 16:31:33,2박3일,PUS,2027-02-18,2027-02-20,Jin Air,13:30,15:35,2시간 5분,Jeju Air,10:15,13:00,2시간 45분,3144990,786248
2026-07-19 16:31:33,3박4일,PUS,2027-02-20,2027-02-23,Jin Air,13:30,15:35,2시간 5분,Jeju Air,10:15,13:00,2시간 45분,2492571,623143
2026-07-19 16:31:33,2박3일,PUS,2027-02-21,2027-02-23,Jeju Air,07:10,09:15,2시간 5분,Jeju Air,10:15,13:00,2시간 45분,2475371,618843
2026-07-19 16:31:33,3박4일,PUS,2027-02-21,2027-02-24,Jeju Air,07:10,09:15,2시간 5분,Jeju Air,10:15,13:00,2시간 45분,2420440,605110
2026-07-19 23:25:35,2박3일,PUS,2027-01-25,2027-01-27,Jeju Air,07:10,09:15,2시간 5분,Jeju Air,10:15,13:00,2시간 45분,2032322,508080
2026-07-19 23:25:35,3박4일,PUS,2027-01-25,2027-01-28,Jeju Air,07:10,09:15,2시간 5분,Jeju Air,10:15,13:00,2시간 45분,2087253,521813
2026-07-19 23:25:35,2박3일,PUS,2027-01-26,2027-01-28,Jeju Air,07:10,09:15,2시간 5분,Jeju Air,10:15,13:00,2시간 45분,1967253,491813
2026-07-19 23:25:35,3박4일,PUS,2027-01-27,2027-01-30,Jeju Air,07:10,09:15,2시간 5분,Jeju Air,10:15,13:00,2시간 45분,1919088,479772
2026-07-19 23:25:35,2박3일,PUS,2027-01-28,2027-01-30,Jeju Air,07:10,09:15,2시간 5분,Jeju Air,10:15,13:00,2시간 45분,2039088,509772
2026-07-19 23:25:35,2박3일,PUS,2027-01-30,2027-02-01,Jeju Air,07:10,09:15,2시간 5분,Jeju Air,10:15,13:00,2시간 45분,2101847,525462
2026-07-19 23:25:35,3박4일,PUS,2027-01-30,2027-02-02,Jeju Air,07:10,09:15,2시간 5분,Jeju Air,10:15,13:00,2시간 45분,2043253,510813
2026-07-19 23:25:35,2박3일,PUS,2027-01-31,2027-02-02,Jeju Air,07:10,09:15,2시간 5분,Jeju Air,10:15,13:00,2시간 45분,1923253,480813
2026-07-19 23:25:35,3박4일,PUS,2027-01-31,2027-02-03,Jeju Air,07:10,09:15,2시간 5분,Jeju Air,10:15,13:00,2시간 45분,2040440,510110
2026-07-19 23:25:35,2박3일,PUS,2027-02-01,2027-02-03,Jeju Air,07:10,09:15,2시간 5분,Jeju Air,10:15,13:00,2시간 45분,2024440,506110
2026-07-19 23:25:35,2박3일,PUS,2027-02-08,2027-02-10,Jeju Air,07:10,09:15,2시간 5분,Jeju Air,10:15,13:00,2시간 45분,2827790,706948
2026-07-19 23:25:35,2박3일,PUS,2027-02-11,2027-02-13,Jeju Air,07:10,09:15,2시간 5분,Jeju Air,10:15,13:00,2시간 45분,2263828,565957
2026-07-19 23:25:35,3박4일,PUS,2027-02-11,2027-02-14,Jeju Air,07:10,09:15,2시간 5분,Jeju Air,10:15,13:00,2시간 45분,2340732,585183
2026-07-19 23:25:35,2박3일,PUS,2027-02-12,2027-02-14,Jeju Air,07:10,09:15,2시간 5분,Jeju Air,10:15,13:00,2시간 45분,2400732,600183
2026-07-19 23:25:35,3박4일,PUS,2027-02-12,2027-02-15,Jeju Air,07:10,09:15,2시간 5분,Jin Air,11:45,14:05,2시간 20분,2231909,557977
2026-07-19 23:25:35,2박3일,PUS,2027-02-13,2027-02-15,Jeju Air,07:10,09:15,2시간 5분,Jin Air,11:45,14:05,2시간 20분,2471909,617977
2026-07-19 23:25:35,3박4일,PUS,2027-02-13,2027-02-16,Jeju Air,07:10,09:15,2시간 5분,Jeju Air,10:15,13:00,2시간 45분,2395371,598843
2026-07-19 23:25:35,2박3일,PUS,2027-02-14,2027-02-16,Jeju Air,10:45,12:55,2시간 10분,Jeju Air,10:15,13:00,2시간 45분,2759771,689943
2026-07-19 23:25:35,3박4일,PUS,2027-02-14,2027-02-17,Jeju Air,10:45,12:55,2시간 10분,Jeju Air,10:15,13:00,2시간 45분,2704840,676210
2026-07-19 23:25:35,3박4일,PUS,2027-02-16,2027-02-19,Jeju Air,07:10,09:15,2시간 5분,Jeju Air,10:15,13:00,2시간 45분,2487828,621957
2026-07-19 23:25:35,2박3일,PUS,2027-02-18,2027-02-20,Jin Air,13:30,15:35,2시간 5분,Jeju Air,10:15,13:00,2시간 45분,3144990,786248
2026-07-19 23:25:35,3박4일,PUS,2027-02-20,2027-02-23,Jin Air,13:30,15:35,2시간 5분,Jeju Air,10:15,13:00,2시간 45분,2492571,623143
2026-07-19 23:25:35,2박3일,PUS,2027-02-21,2027-02-23,Jeju Air,07:10,09:15,2시간 5분,Jeju Air,10:15,13:00,2시간 45분,2475371,618843
2026-07-19 23:25:35,3박4일,PUS,2027-02-21,2027-02-24,Jeju Air,07:10,09:15,2시간 5분,Jeju Air,10:15,13:00,2시간 45분,2420440,605110
2026-07-20 17:12:41,3박4일,PUS,2027-01-25,2027-01-28,Jeju Air,07:10,09:15,2시간 5분,Jeju Air,10:15,13:00,2시간 45분,2082583,520646
2026-07-20 17:12:41,3박4일,PUS,2027-01-28,2027-01-31,Jeju Air,07:10,09:15,2시간 5분,Jeju Air,10:15,13:00,2시간 45분,2088560,522140
2026-07-20 17:12:41,2박3일,PUS,2027-01-30,2027-02-01,Jeju Air,07:10,09:15,2시간 5분,Jeju Air,10:15,13:00,2시간 45분,2096929,524232
2026-07-20 17:12:41,3박4일,PUS,2027-01-31,2027-02-03,Jeju Air,07:10,09:15,2시간 5분,Jeju Air,10:15,13:00,2시간 45분,2035275,508819
2026-07-20 17:12:41,2박3일,PUS,2027-02-03,2027-02-05,Jeju Air,07:10,09:15,2시간 5분,Jeju Air,10:15,13:00,2시간 45분,2121718,530430
2026-07-20 17:12:41,3박4일,PUS,2027-02-05,2027-02-08,Jeju Air,10:45,12:55,2시간 10분,Jeju Air,10:15,13:00,2시간 45분,3483696,870924
2026-07-20 17:12:41,2박3일,PUS,2027-02-06,2027-02-08,Jeju Air,07:10,09:15,2시간 5분,Jeju Air,10:15,13:00,2시간 45분,3483696,870924
2026-07-20 17:12:41,3박4일,PUS,2027-02-06,2027-02-09,Jeju Air,07:10,09:15,2시간 5분,Jeju Air,10:15,13:00,2시간 45분,3483696,870924
2026-07-20 17:12:41,2박3일,PUS,2027-02-07,2027-02-09,Jeju Air,07:10,09:15,2시간 5분,Jeju Air,10:15,13:00,2시간 45분,3199296,799824
2026-07-20 17:12:41,3박4일,PUS,2027-02-07,2027-02-10,Jeju Air,07:10,09:15,2시간 5분,Jeju Air,10:15,13:00,2시간 45분,3199296,799824
2026-07-20 17:12:41,2박3일,PUS,2027-02-08,2027-02-10,Jeju Air,07:10,09:15,2시간 5분,Jeju Air,10:15,13:00,2시간 45분,2819296,704824
2026-07-20 17:12:41,3박4일,PUS,2027-02-08,2027-02-11,Jeju Air,07:10,09:15,2시간 5분,Korean Air,19:40,22:00,2시간 20분,2499853,624963
2026-07-20 17:12:41,2박3일,PUS,2027-02-09,2027-02-11,Jeju Air,07:10,09:15,2시간 5분,Korean Air,19:40,22:00,2시간 20분,2379853,594963
2026-07-20 17:12:41,3박4일,PUS,2027-02-09,2027-02-12,Jeju Air,07:10,09:15,2시간 5분,Jeju Air,10:15,13:00,2시간 45분,2137718,534430
2026-07-20 17:12:41,2박3일,PUS,2027-02-12,2027-02-14,Jeju Air,07:10,09:15,2시간 5분,Jeju Air,10:15,13:00,2시간 45분,2394297,598574
2026-07-20 17:12:41,3박4일,PUS,2027-02-12,2027-02-15,Jeju Air,07:10,09:15,2시간 5분,Jin Air,11:45,14:05,2시간 20분,2226188,556547
2026-07-20 17:12:41,2박3일,PUS,2027-02-13,2027-02-15,Jeju Air,07:10,09:15,2시간 5분,Jin Air,11:45,14:05,2시간 20분,2466188,616547
2026-07-20 17:12:41,3박4일,PUS,2027-02-15,2027-02-18,Jeju Air,07:10,09:15,2시간 5분,Jeju Air,10:15,13:00,2시간 45분,2453974,613494
2026-07-20 17:12:41,2박3일,PUS,2027-02-16,2027-02-18,Jeju Air,07:10,09:15,2시간 5분,Jeju Air,10:15,13:00,2시간 45분,2313974,578494
2026-07-20 17:12:41,3박4일,PUS,2027-02-16,2027-02-19,Jeju Air,07:10,09:15,2시간 5분,Jeju Air,10:15,13:00,2시간 45분,2481718,620430
2026-07-20 17:12:41,3박4일,PUS,2027-02-20,2027-02-23,Jin Air,13:30,15:35,2시간 5분,Jeju Air,10:15,13:00,2시간 45분,2487174,621794
2026-07-20 17:12:41,2박3일,PUS,2027-02-21,2027-02-23,Jeju Air,07:10,09:15,2시간 5분,Jeju Air,10:15,13:00,2시간 45분,2469974,617494
2026-07-21 00:16:48,2박3일,PUS,2027-01-25,2027-01-27,Jeju Air,07:10,09:15,2시간 5분,Jeju Air,10:15,13:00,2시간 45분,2025713,506428
2026-07-21 00:16:48,2박3일,PUS,2027-01-29,2027-01-31,Jeju Air,07:10,09:15,2시간 5분,Jeju Air,10:15,13:00,2시간 45분,2161889,540472
2026-07-21 00:16:48,3박4일,PUS,2027-01-31,2027-02-03,Jeju Air,07:10,09:15,2시간 5분,Jeju Air,10:15,13:00,2시간 45분,2032747,508187
2026-07-21 00:16:48,2박3일,PUS,2027-02-07,2027-02-09,Jeju Air,07:10,09:15,2시간 5분,Jeju Air,10:15,13:00,2시간 45분,3195141,798785
2026-07-21 00:16:48,3박4일,PUS,2027-02-07,2027-02-10,Jeju Air,07:10,09:15,2시간 5분,Jeju Air,10:15,13:00,2시간 45분,3195141,798785
2026-07-21 00:16:48,2박3일,PUS,2027-02-08,2027-02-10,Jeju Air,07:10,09:15,2시간 5분,Jeju Air,10:15,13:00,2시간 45분,2815141,703785
2026-07-21 00:16:48,3박4일,PUS,2027-02-08,2027-02-11,Jeju Air,07:10,09:15,2시간 5분,Korean Air,19:40,22:00,2시간 20분,2496361,624090
2026-07-21 00:16:48,2박3일,PUS,2027-02-09,2027-02-11,Jeju Air,07:10,09:15,2시간 5분,Korean Air,19:40,22:00,2시간 20분,2376361,594090
2026-07-21 00:16:48,3박4일,PUS,2027-02-09,2027-02-12,Jeju Air,07:10,09:15,2시간 5분,Jeju Air,10:15,13:00,2시간 45분,2134729,533682
2026-07-21 00:16:48,2박3일,PUS,2027-02-14,2027-02-16,Jeju Air,10:45,12:55,2시간 10분,Jeju Air,10:15,13:00,2시간 45분,2751733,687933
2026-07-21 00:16:48,3박4일,PUS,2027-02-14,2027-02-17,Jeju Air,10:45,12:55,2시간 10분,Jeju Air,10:15,13:00,2시간 45분,2697147,674287
2026-07-21 00:16:48,2박3일,PUS,2027-02-15,2027-02-17,Jeju Air,07:10,09:15,2시간 5분,Jeju Air,10:15,13:00,2시간 45분,2396747,599187
2026-07-21 00:16:48,3박4일,PUS,2027-02-15,2027-02-18,Jeju Air,07:10,09:15,2시간 5분,Jeju Air,10:15,13:00,2시간 45분,2451333,612833
2026-07-21 00:16:48,2박3일,PUS,2027-02-21,2027-02-23,Jeju Air,07:10,09:15,2시간 5분,Jeju Air,10:15,13:00,2시간 45분,2467333,616833
2026-07-21 00:16:48,3박4일,PUS,2027-02-21,2027-02-24,Jeju Air,07:10,09:15,2시간 5분,Jeju Air,10:15,13:00,2시간 45분,2412747,603187
2026-07-21 08:44:47,2박3일,PUS,2027-01-27,2027-01-29,Jeju Air,07:10,09:15,2시간 5분,Jeju Air,10:15,13:00,2시간 45분,1908386,477096
2026-07-21 08:44:47,3박4일,PUS,2027-01-27,2027-01-30,Jeju Air,07:10,09:15,2시간 5분,Jeju Air,10:15,13:00,2시간 45분,1908386,477096
2026-07-21 08:44:47,3박4일,PUS,2027-01-29,2027-02-01,Jeju Air,07:10,09:15,2시간 5분,Jeju Air,10:15,13:00,2시간 45분,2031731,507933
2026-07-21 08:44:47,2박3일,PUS,2027-01-30,2027-02-01,Jeju Air,07:10,09:15,2시간 5분,Jeju Air,10:15,13:00,2시간 45분,2091731,522933
2026-07-21 08:44:47,3박4일,PUS,2027-01-31,2027-02-03,Jeju Air,07:10,09:15,2시간 5분,Jeju Air,10:15,13:00,2시간 45분,2029855,507464
2026-07-21 08:44:47,2박3일,PUS,2027-02-02,2027-02-04,Jeju Air,07:10,09:15,2시간 5분,Jeju Air,10:15,13:00,2시간 45분,1962878,490720
2026-07-21 08:44:47,3박4일,PUS,2027-02-02,2027-02-05,Jeju Air,07:10,09:15,2시간 5분,Jeju Air,10:15,13:00,2시간 45분,2115454,528864
2026-07-21 08:44:47,3박4일,PUS,2027-02-05,2027-02-08,Jeju Air,10:45,12:55,2시간 10분,Jeju Air,10:15,13:00,2시간 45분,3475301,868825
2026-07-21 08:44:47,2박3일,PUS,2027-02-07,2027-02-09,Jeju Air,07:10,09:15,2시간 5분,Jeju Air,10:15,13:00,2시간 45분,3190901,797725
2026-07-21 08:44:47,3박4일,PUS,2027-02-07,2027-02-10,Jeju Air,07:10,09:15,2시간 5분,Jeju Air,10:15,13:00,2시간 45분,3190901,797725
2026-07-21 08:44:47,2박3일,PUS,2027-02-09,2027-02-11,Jeju Air,07:10,09:15,2시간 5분,Korean Air,19:40,22:00,2시간 20분,2372670,593168
2026-07-21 08:44:47,3박4일,PUS,2027-02-10,2027-02-13,Jeju Air,07:10,09:15,2시간 5분,Jeju Air,10:15,13:00,2시간 45분,2131454,532864
2026-07-21 08:44:47,2박3일,PUS,2027-02-13,2027-02-15,Jeju Air,07:10,09:15,2시간 5분,Jin Air,11:45,14:05,2시간 20분,2460272,615068
2026-07-21 08:44:47,3박4일,PUS,2027-02-13,2027-02-16,Jeju Air,07:10,09:15,2시간 5분,Jeju Air,10:15,13:00,2시간 45분,2384347,596087
2026-07-21 08:44:47,2박3일,PUS,2027-02-14,2027-02-16,Jeju Air,10:45,12:55,2시간 10분,Jeju Air,10:15,13:00,2시간 45분,2748747,687187
2026-07-21 08:44:47,3박4일,PUS,2027-02-15,2027-02-18,Jeju Air,07:10,09:15,2시간 5분,Jeju Air,10:15,13:00,2시간 45분,2448347,612087
2026-07-21 08:44:47,2박3일,PUS,2027-02-16,2027-02-18,Jeju Air,07:10,09:15,2시간 5분,Jeju Air,10:15,13:00,2시간 45분,2308347,577087
2026-07-21 08:44:47,3박4일,PUS,2027-02-16,2027-02-19,Jeju Air,07:10,09:15,2시간 5분,Jeju Air,10:15,13:00,2시간 45분,2475454,618864
2026-07-21 08:44:47,2박3일,PUS,2027-02-17,2027-02-19,Jeju Air,07:10,09:15,2시간 5분,Jeju Air,10:15,13:00,2시간 45분,2475454,618864
2026-07-21 08:44:47,3박4일,PUS,2027-02-17,2027-02-20,Jeju Air,07:10,09:15,2시간 5분,Jeju Air,10:15,13:00,2시간 45분,3034901,758725
2026-07-21 08:44:47,2박3일,PUS,2027-02-18,2027-02-20,Jin Air,13:30,15:35,2시간 5분,Jeju Air,10:15,13:00,2시간 45분,3129701,782425
2026-07-21 08:44:47,3박4일,PUS,2027-02-18,2027-02-21,Jin Air,13:30,15:35,2시간 5분,Jeju Air,10:15,13:00,2시간 45분,2646542,661636
2026-07-21 08:44:47,2박3일,PUS,2027-02-19,2027-02-21,Jin Air,13:30,15:35,2시간 5분,Jeju Air,10:15,13:00,2시간 45분,2726542,681636
2026-07-21 08:44:47,3박4일,PUS,2027-02-19,2027-02-22,Jin Air,13:30,15:35,2시간 5분,Jin Air,11:45,14:05,2시간 20분,2559072,639768
2026-07-21 08:44:47,2박3일,PUS,2027-02-21,2027-02-23,Jeju Air,07:10,09:15,2시간 5분,Jeju Air,10:15,13:00,2시간 45분,2464347,616087
2026-07-21 16:37:43,2박3일,PUS,2027-01-26,2027-01-28,Jeju Air,07:10,09:15,2시간 5분,Jeju Air,10:15,13:00,2시간 45분,1956992,489248
2026-07-21 16:37:43,3박4일,PUS,2027-01-30,2027-02-02,Jeju Air,07:10,09:15,2시간 5분,Jeju Air,10:15,13:00,2시간 45분,2032992,508248
2026-07-21 16:37:43,2박3일,PUS,2027-01-31,2027-02-02,Jeju Air,07:10,09:15,2시간 5분,Jeju Air,10:15,13:00,2시간 45분,1912992,478248
2026-07-21 16:37:43,3박4일,PUS,2027-01-31,2027-02-03,Jeju Air,07:10,09:15,2시간 5분,Jeju Air,10:15,13:00,2시간 45분,2029176,507294
2026-07-21 16:37:43,2박3일,PUS,2027-02-01,2027-02-03,Jeju Air,07:10,09:15,2시간 5분,Jeju Air,10:15,13:00,2시간 45분,2013176,503294
2026-07-21 16:37:43,2박3일,PUS,2027-02-04,2027-02-06,Jeju Air,07:10,09:15,2시간 5분,Korean Air,12:45,15:05,2시간 20분,2690194,672548
2026-07-21 16:37:43,3박4일,PUS,2027-02-04,2027-02-07,Jeju Air,07:10,09:15,2시간 5분,Korean Air,12:45,15:05,2시간 20분,2690194,672548
2026-07-21 16:37:43,2박3일,PUS,2027-02-10,2027-02-12,Jeju Air,07:10,09:15,2시간 5분,Jeju Air,10:15,13:00,2시간 45분,2130650,532662
2026-07-21 16:37:43,3박4일,PUS,2027-02-10,2027-02-13,Jeju Air,07:10,09:15,2시간 5분,Jeju Air,10:15,13:00,2시간 45분,2130650,532662
2026-07-21 16:37:43,2박3일,PUS,2027-02-14,2027-02-16,Jeju Air,10:45,12:55,2시간 10분,Jeju Air,10:15,13:00,2시간 45분,2748037,687009
2026-07-21 16:37:43,3박4일,PUS,2027-02-14,2027-02-17,Jeju Air,10:45,12:55,2시간 10분,Jeju Air,10:15,13:00,2시간 45분,2693576,673394
2026-07-21 16:37:43,2박3일,PUS,2027-02-15,2027-02-17,Jeju Air,07:10,09:15,2시간 5분,Jeju Air,10:15,13:00,2시간 45분,2393176,598294
2026-07-21 16:37:43,2박3일,PUS,2027-02-21,2027-02-23,Jeju Air,07:10,09:15,2시간 5분,Jeju Air,10:15,13:00,2시간 45분,2463637,615909
2026-07-22 00:09:15,2박3일,PUS,2027-01-25,2027-01-27,Jeju Air,07:10,09:15,2시간 5분,Jeju Air,10:15,13:00,2시간 45분,2023504,505876
2026-07-22 00:09:15,3박4일,PUS,2027-01-25,2027-01-28,Jeju Air,07:10,09:15,2시간 5분,Jeju Air,10:15,13:00,2시간 45분,2078016,519504
2026-07-22 00:09:15,2박3일,PUS,2027-01-26,2027-01-28,Jeju Air,07:10,09:15,2시간 5분,Jeju Air,10:15,13:00,2시간 45분,1958016,489504
2026-07-22 00:09:15,3박4일,PUS,2027-01-26,2027-01-29,Jeju Air,07:10,09:15,2시간 5분,Jeju Air,10:15,13:00,2시간 45분,2088844,522211
2026-07-22 00:09:15,2박3일,PUS,2027-01-28,2027-01-30,Jeju Air,07:10,09:15,2시간 5분,Jeju Air,10:15,13:00,2시간 45분,2028844,507211
2026-07-22 00:09:15,3박4일,PUS,2027-01-29,2027-02-01,Jeju Air,07:10,09:15,2시간 5분,Jeju Air,10:15,13:00,2시간 45분,2032162,508040
2026-07-22 00:09:15,2박3일,PUS,2027-01-30,2027-02-01,Jeju Air,07:10,09:15,2시간 5분,Jeju Air,10:15,13:00,2시간 45분,2092162,523040
2026-07-22 00:09:15,3박4일,PUS,2027-01-30,2027-02-02,Jeju Air,07:10,09:15,2시간 5분,Jeju Air,10:15,13:00,2시간 45분,2034016,508504
2026-07-22 00:09:15,2박3일,PUS,2027-02-04,2027-02-06,Jeju Air,07:10,09:15,2시간 5분,Korean Air,12:45,15:05,2시간 20분,2691589,672897
2026-07-22 00:09:15,3박4일,PUS,2027-02-04,2027-02-07,Jeju Air,07:10,09:15,2시간 5분,Korean Air,12:45,15:05,2시간 20분,2691589,672897
2026-07-22 00:09:15,2박3일,PUS,2027-02-06,2027-02-08,Jeju Air,07:10,09:15,2시간 5분,Jeju Air,10:15,13:00,2시간 45분,3476045,869011
2026-07-22 00:09:15,3박4일,PUS,2027-02-06,2027-02-09,Jeju Air,07:10,09:15,2시간 5분,Jeju Air,10:15,13:00,2시간 45분,3476045,869011
2026-07-22 00:09:15,2박3일,PUS,2027-02-07,2027-02-09,Jeju Air,07:10,09:15,2시간 5분,Jeju Air,10:15,13:00,2시간 45분,3191645,797911
2026-07-22 00:09:15,3박4일,PUS,2027-02-07,2027-02-10,Jeju Air,07:10,09:15,2시간 5분,Jeju Air,10:15,13:00,2시간 45분,3191645,797911
2026-07-22 00:09:15,2박3일,PUS,2027-02-08,2027-02-10,Jeju Air,07:10,09:15,2시간 5분,Jeju Air,10:15,13:00,2시간 45분,2811645,702911
2026-07-22 00:09:15,3박4일,PUS,2027-02-09,2027-02-12,Jeju Air,07:10,09:15,2시간 5분,Jeju Air,10:15,13:00,2시간 45분,2131990,532998
2026-07-22 00:09:15,2박3일,PUS,2027-02-11,2027-02-13,Jeju Air,07:10,09:15,2시간 5분,Jeju Air,10:15,13:00,2시간 45분,2251990,562998
2026-07-22 00:09:15,3박4일,PUS,2027-02-11,2027-02-14,Jeju Air,07:10,09:15,2시간 5분,Jeju Air,10:15,13:00,2시간 45분,2328306,582076
2026-07-22 00:09:15,2박3일,PUS,2027-02-12,2027-02-14,Jeju Air,07:10,09:15,2시간 5분,Jeju Air,10:15,13:00,2시간 45분,2388306,597076
2026-07-22 00:09:15,3박4일,PUS,2027-02-12,2027-02-15,Jeju Air,07:10,09:15,2시간 5분,Jin Air,11:45,14:05,2시간 20분,2220773,555193
2026-07-22 00:09:15,2박3일,PUS,2027-02-13,2027-02-15,Jeju Air,07:10,09:15,2시간 5분,Jin Air,11:45,14:05,2시간 20분,2460773,615193
2026-07-22 00:09:15,3박4일,PUS,2027-02-13,2027-02-16,Jeju Air,07:10,09:15,2시간 5분,Jeju Air,10:15,13:00,2시간 45분,2384820,596205
2026-07-22 00:09:15,2박3일,PUS,2027-02-14,2027-02-16,Jeju Air,10:45,12:55,2시간 10분,Jeju Air,10:15,13:00,2시간 45분,2749220,687305
2026-07-22 00:09:15,2박3일,PUS,2027-02-16,2027-02-18,Jeju Air,07:10,09:15,2시간 5분,Jeju Air,10:15,13:00,2시간 45분,2308820,577205
2026-07-22 00:09:15,3박4일,PUS,2027-02-16,2027-02-19,Jeju Air,07:10,09:15,2시간 5분,Jeju Air,10:15,13:00,2시간 45분,2475990,618998
2026-07-22 00:09:15,2박3일,PUS,2027-02-17,2027-02-19,Jeju Air,07:10,09:15,2시간 5분,Jeju Air,10:15,13:00,2시간 45분,2475990,618998
2026-07-22 00:09:15,3박4일,PUS,2027-02-17,2027-02-20,Jeju Air,07:10,09:15,2시간 5분,Jeju Air,10:15,13:00,2시간 45분,3035645,758911
2026-07-22 00:09:15,2박3일,PUS,2027-02-18,2027-02-20,Jin Air,13:30,15:35,2시간 5분,Jeju Air,10:15,13:00,2시간 45분,3129245,782311
2026-07-22 00:09:15,3박4일,PUS,2027-02-18,2027-02-21,Jin Air,13:30,15:35,2시간 5분,Jeju Air,10:15,13:00,2시간 45분,2645906,661476
2026-07-22 00:09:15,2박3일,PUS,2027-02-19,2027-02-21,Jin Air,13:30,15:35,2시간 5분,Jeju Air,10:15,13:00,2시간 45분,2725906,681476
2026-07-22 00:09:15,3박4일,PUS,2027-02-19,2027-02-22,Jin Air,13:30,15:35,2시간 5분,Jin Air,11:45,14:05,2시간 20분,2558373,639593
2026-07-22 00:09:15,2박3일,PUS,2027-02-20,2027-02-22,Jin Air,13:30,15:35,2시간 5분,Jin Air,11:45,14:05,2시간 20분,2558373,639593
2026-07-22 00:09:15,3박4일,PUS,2027-02-20,2027-02-23,Jin Air,13:30,15:35,2시간 5분,Jeju Air,10:15,13:00,2시간 45분,2482420,620605
2026-07-22 00:09:15,2박3일,PUS,2027-02-21,2027-02-23,Jeju Air,07:10,09:15,2시간 5분,Jeju Air,10:15,13:00,2시간 45분,2464820,616205
2026-07-22 00:09:15,3박4일,PUS,2027-02-21,2027-02-24,Jeju Air,07:10,09:15,2시간 5분,Jeju Air,10:15,13:00,2시간 45분,2410308,602577
2026-07-22 08:45:22,2박3일,PUS,2027-01-26,2027-01-28,Jeju Air,07:10,09:15,2시간 5분,Jeju Air,10:15,13:00,2시간 45분,1955894,488974
2026-07-22 08:45:22,3박4일,PUS,2027-01-26,2027-01-29,Jeju Air,07:10,09:15,2시간 5분,Jeju Air,10:15,13:00,2시간 45분,2086517,521629
2026-07-22 08:45:22,3박4일,PUS,2027-02-03,2027-02-06,Jeju Air,07:10,09:15,2시간 5분,Korean Air,12:45,15:05,2시간 20분,2172843,543211
2026-07-22 08:45:22,2박3일,PUS,2027-02-08,2027-02-10,Jeju Air,07:10,09:15,2시간 5분,Jeju Air,10:15,13:00,2시간 45분,2808113,702028
2026-07-22 08:45:22,2박3일,PUS,2027-02-13,2027-02-15,Jeju Air,07:10,09:15,2시간 5분,Jin Air,11:45,14:05,2시간 20분,2458263,614566
2026-07-22 08:45:22,3박4일,PUS,2027-02-14,2027-02-17,Jeju Air,10:45,12:55,2시간 10분,Jeju Air,10:15,13:00,2시간 45분,2692403,673101
2026-07-22 08:45:22,2박3일,PUS,2027-02-15,2027-02-17,Jeju Air,07:10,09:15,2시간 5분,Jeju Air,10:15,13:00,2시간 45분,2392003,598001
2026-07-22 08:45:22,2박3일,PUS,2027-02-17,2027-02-19,Jeju Air,07:10,09:15,2시간 5분,Jeju Air,10:15,13:00,2시간 45분,2473337,618334
2026-07-22 08:45:22,3박4일,PUS,2027-02-17,2027-02-20,Jeju Air,07:10,09:15,2시간 5분,Jeju Air,10:15,13:00,2시간 45분,3032113,758028
2026-07-22 16:38:58,2박3일,PUS,2027-01-29,2027-01-31,Jeju Air,07:10,09:15,2시간 5분,Jeju Air,10:15,13:00,2시간 45분,2156305,539076
2026-07-22 16:38:58,3박4일,PUS,2027-01-29,2027-02-01,Jeju Air,07:10,09:15,2시간 5분,Jeju Air,10:15,13:00,2시간 45분,2029374,507344
2026-07-22 16:38:58,3박4일,PUS,2027-01-31,2027-02-03,Jeju Air,07:10,09:15,2시간 5분,Jeju Air,10:15,13:00,2시간 45분,2027399,506850
2026-07-22 16:38:58,2박3일,PUS,2027-02-02,2027-02-04,Jeju Air,07:10,09:15,2시간 5분,Jeju Air,10:15,13:00,2시간 45분,1960305,490076
2026-07-22 16:38:58,3박4일,PUS,2027-02-02,2027-02-05,Jeju Air,07:10,09:15,2시간 5분,Jeju Air,10:15,13:00,2시간 45분,2112622,528156
2026-07-22 16:38:58,2박3일,PUS,2027-02-03,2027-02-05,Jeju Air,07:10,09:15,2시간 5분,Jeju Air,10:15,13:00,2시간 45분,2112622,528156
2026-07-22 16:38:58,3박4일,PUS,2027-02-03,2027-02-06,Jeju Air,07:10,09:15,2시간 5분,Korean Air,12:45,15:05,2시간 20분,2172099,543025
2026-07-22 16:38:58,2박3일,PUS,2027-02-05,2027-02-07,Jeju Air,10:45,12:55,2시간 10분,Korean Air,12:45,15:05,2시간 20분,2972499,743125
2026-07-22 16:38:58,3박4일,PUS,2027-02-05,2027-02-08,Jeju Air,10:45,12:55,2시간 10분,Jeju Air,10:15,13:00,2시간 45분,3471520,867880
2026-07-22 16:38:58,2박3일,PUS,2027-02-06,2027-02-08,Jeju Air,07:10,09:15,2시간 5분,Jeju Air,10:15,13:00,2시간 45분,3471520,867880
2026-07-22 16:38:58,2박3일,PUS,2027-02-10,2027-02-12,Jeju Air,07:10,09:15,2시간 5분,Jeju Air,10:15,13:00,2시간 45분,2128622,532156
2026-07-22 16:38:58,3박4일,PUS,2027-02-11,2027-02-14,Jeju Air,07:10,09:15,2시간 5분,Jeju Air,10:15,13:00,2시간 45분,2324781,581195
2026-07-22 16:38:58,2박3일,PUS,2027-02-12,2027-02-14,Jeju Air,07:10,09:15,2시간 5분,Jeju Air,10:15,13:00,2시간 45분,2384781,596195
2026-07-22 16:38:58,3박4일,PUS,2027-02-13,2027-02-16,Jeju Air,07:10,09:15,2시간 5분,Jeju Air,10:15,13:00,2시간 45분,2381798,595450
2026-07-22 16:38:58,2박3일,PUS,2027-02-15,2027-02-17,Jeju Air,07:10,09:15,2시간 5분,Jeju Air,10:15,13:00,2시간 45분,2391399,597850
2026-07-22 16:38:58,3박4일,PUS,2027-02-15,2027-02-18,Jeju Air,07:10,09:15,2시간 5분,Jeju Air,10:15,13:00,2시간 45분,2445798,611450
2026-07-22 16:38:58,2박3일,PUS,2027-02-16,2027-02-18,Jeju Air,07:10,09:15,2시간 5분,Jeju Air,10:15,13:00,2시간 45분,2305798,576450
2026-07-22 16:38:58,3박4일,PUS,2027-02-16,2027-02-19,Jeju Air,07:10,09:15,2시간 5분,Jeju Air,10:15,13:00,2시간 45분,2472622,618156
2026-07-22 16:38:58,2박3일,PUS,2027-02-18,2027-02-20,Jin Air,13:30,15:35,2시간 5분,Jeju Air,10:15,13:00,2시간 45분,3125120,781280
2026-07-22 16:38:58,2박3일,PUS,2027-02-20,2027-02-22,Jin Air,13:30,15:35,2시간 5분,Jin Air,11:45,14:05,2시간 20분,2555595,638899
2026-07-22 16:38:58,3박4일,PUS,2027-02-20,2027-02-23,Jin Air,13:30,15:35,2시간 5분,Jeju Air,10:15,13:00,2시간 45분,2479798,619950
2026-07-23 00:09:20,2박3일,PUS,2027-01-25,2027-01-27,Jeju Air,07:10,09:15,2시간 5분,Jeju Air,10:15,13:00,2시간 45분,2020294,505074
2026-07-23 00:09:20,3박4일,PUS,2027-01-26,2027-01-29,Jeju Air,07:10,09:15,2시간 5분,Jeju Air,10:15,13:00,2시간 45분,2085134,521284
2026-07-23 00:09:20,2박3일,PUS,2027-01-27,2027-01-29,Jeju Air,07:10,09:15,2시간 5분,Jeju Air,10:15,13:00,2시간 45분,1905134,476284
2026-07-23 00:09:20,3박4일,PUS,2027-01-27,2027-01-30,Jeju Air,07:10,09:15,2시간 5분,Jeju Air,10:15,13:00,2시간 45분,1905134,476284
2026-07-23 00:09:20,2박3일,PUS,2027-01-28,2027-01-30,Jeju Air,07:10,09:15,2시간 5분,Jeju Air,10:15,13:00,2시간 45분,2025134,506284
2026-07-23 00:09:20,3박4일,PUS,2027-01-29,2027-02-01,Jeju Air,07:10,09:15,2시간 5분,Jeju Air,10:15,13:00,2시간 45분,2028648,507162
2026-07-23 00:09:20,2박3일,PUS,2027-01-30,2027-02-01,Jeju Air,07:10,09:15,2시간 5분,Jeju Air,10:15,13:00,2시간 45분,2088648,522162
2026-07-23 00:09:20,3박4일,PUS,2027-01-31,2027-02-03,Jeju Air,07:10,09:15,2시간 5분,Jeju Air,10:15,13:00,2시간 45분,2026637,506659
2026-07-23 00:09:20,2박3일,PUS,2027-02-01,2027-02-03,Jeju Air,07:10,09:15,2시간 5분,Jeju Air,10:15,13:00,2시간 45분,2010637,502659
2026-07-23 00:09:20,3박4일,PUS,2027-02-01,2027-02-04,Jeju Air,07:10,09:15,2시간 5분,Jeju Air,10:15,13:00,2시간 45분,2079499,519875
2026-07-23 00:09:20,2박3일,PUS,2027-02-03,2027-02-05,Jeju Air,07:10,09:15,2시간 5분,Jeju Air,10:15,13:00,2시간 45분,2111721,527930
2026-07-23 00:09:20,3박4일,PUS,2027-02-03,2027-02-06,Jeju Air,07:10,09:15,2시간 5분,Korean Air,12:45,15:05,2시간 20분,2171160,542790
2026-07-23 00:09:20,2박3일,PUS,2027-02-04,2027-02-06,Jeju Air,07:10,09:15,2시간 5분,Korean Air,12:45,15:05,2시간 20분,2687160,671790
2026-07-23 00:09:20,2박3일,PUS,2027-02-06,2027-02-08,Jeju Air,07:10,09:15,2시간 5분,Jeju Air,10:15,13:00,2시간 45분,3470266,867566
2026-07-23 00:09:20,3박4일,PUS,2027-02-06,2027-02-09,Jeju Air,07:10,09:15,2시간 5분,Jeju Air,10:15,13:00,2시간 45분,3470266,867566
2026-07-23 00:09:20,2박3일,PUS,2027-02-07,2027-02-09,Jeju Air,07:10,09:15,2시간 5분,Jeju Air,10:15,13:00,2시간 45분,3185866,796466
2026-07-23 00:09:20,3박4일,PUS,2027-02-07,2027-02-10,Jeju Air,07:10,09:15,2시간 5분,Jeju Air,10:15,13:00,2시간 45분,3185866,796466
2026-07-23 00:09:20,2박3일,PUS,2027-02-08,2027-02-10,Jeju Air,07:10,09:15,2시간 5분,Jeju Air,10:15,13:00,2시간 45분,2805866,701466
2026-07-23 00:09:20,3박4일,PUS,2027-02-09,2027-02-12,Jeju Air,07:10,09:15,2시간 5분,Jeju Air,10:15,13:00,2시간 45분,2127721,531930
2026-07-23 00:09:20,2박3일,PUS,2027-02-10,2027-02-12,Jeju Air,07:10,09:15,2시간 5분,Jeju Air,10:15,13:00,2시간 45분,2127721,531930
2026-07-23 00:09:20,3박4일,PUS,2027-02-10,2027-02-13,Jeju Air,07:10,09:15,2시간 5분,Jeju Air,10:15,13:00,2시간 45분,2127721,531930
2026-07-23 00:09:20,3박4일,PUS,2027-02-12,2027-02-15,Jeju Air,07:10,09:15,2시간 5분,Jin Air,11:45,14:05,2시간 20분,2216750,554188
2026-07-23 00:09:20,2박3일,PUS,2027-02-13,2027-02-15,Jeju Air,07:10,09:15,2시간 5분,Jin Air,11:45,14:05,2시간 20분,2456750,614188
2026-07-23 00:09:20,3박4일,PUS,2027-02-13,2027-02-16,Jeju Air,07:10,09:15,2시간 5분,Jeju Air,10:15,13:00,2시간 45분,2381002,595250
2026-07-23 00:09:20,2박3일,PUS,2027-02-17,2027-02-19,Jeju Air,07:10,09:15,2시간 5분,Jeju Air,10:15,13:00,2시간 45분,2471721,617930
2026-07-23 00:09:20,3박4일,PUS,2027-02-17,2027-02-20,Jeju Air,07:10,09:15,2시간 5분,Jeju Air,10:15,13:00,2시간 45분,3029866,757466
2026-07-23 00:09:20,2박3일,PUS,2027-02-18,2027-02-20,Jin Air,13:30,15:35,2시간 5분,Jeju Air,10:15,13:00,2시간 45분,3123866,780966
2026-07-23 00:09:20,3박4일,PUS,2027-02-18,2027-02-21,Jin Air,13:30,15:35,2시간 5분,Jeju Air,10:15,13:00,2시간 45분,2641831,660458
2026-07-23 00:09:20,2박3일,PUS,2027-02-19,2027-02-21,Jin Air,13:30,15:35,2시간 5분,Jeju Air,10:15,13:00,2시간 45분,2721831,680458
2026-07-23 00:09:20,3박4일,PUS,2027-02-20,2027-02-23,Jin Air,13:30,15:35,2시간 5분,Jeju Air,10:15,13:00,2시간 45분,2479002,619750
2026-07-23 00:09:20,2박3일,PUS,2027-02-21,2027-02-23,Jeju Air,07:10,09:15,2시간 5분,Jeju Air,10:15,13:00,2시간 45분,2461002,615250
2026-07-23 00:09:20,3박4일,PUS,2027-02-21,2027-02-24,Jeju Air,07:10,09:15,2시간 5분,Jeju Air,10:15,13:00,2시간 45분,2406637,601659
2026-07-23 08:52:46,2박3일,PUS,2027-01-25,2027-01-27,Jeju Air,07:10,09:15,2시간 5분,Jeju Air,10:15,13:00,2시간 45분,2018417,504604
2026-07-23 08:52:46,3박4일,PUS,2027-01-25,2027-01-28,Jeju Air,07:10,09:15,2시간 5분,Jeju Air,10:15,13:00,2시간 45분,2072726,518182
2026-07-23 08:52:46,3박4일,PUS,2027-01-27,2027-01-30,Jeju Air,07:10,09:15,2시간 5분,Jeju Air,10:15,13:00,2시간 45분,1903066,475766
2026-07-23 08:52:46,2박3일,PUS,2027-01-28,2027-01-30,Jeju Air,07:10,09:15,2시간 5분,Jeju Air,10:15,13:00,2시간 45분,2023066,505766
2026-07-23 08:52:46,3박4일,PUS,2027-01-28,2027-01-31,Jeju Air,07:10,09:15,2시간 5분,Jeju Air,10:15,13:00,2시간 45분,2077375,519344
2026-07-23 08:52:46,3박4일,PUS,2027-01-31,2027-02-03,Jeju Air,07:10,09:15,2시간 5분,Jeju Air,10:15,13:00,2시간 45분,2024584,506146
2026-07-23 08:52:46,2박3일,PUS,2027-02-01,2027-02-03,Jeju Air,07:10,09:15,2시간 5분,Jeju Air,10:15,13:00,2시간 45분,2008584,502146
2026-07-23 08:52:46,3박4일,PUS,2027-02-03,2027-02-06,Jeju Air,07:10,09:15,2시간 5분,Korean Air,12:45,15:05,2시간 20분,2168816,542204
2026-07-23 08:52:46,2박3일,PUS,2027-02-04,2027-02-06,Jeju Air,07:10,09:15,2시간 5분,Korean Air,12:45,15:05,2시간 20분,2684816,671204
2026-07-23 08:52:46,3박4일,PUS,2027-02-04,2027-02-07,Jeju Air,07:10,09:15,2시간 5분,Korean Air,12:45,15:05,2시간 20분,2684816,671204
2026-07-23 08:52:46,2박3일,PUS,2027-02-05,2027-02-07,Jeju Air,10:45,12:55,2시간 10분,Korean Air,12:45,15:05,2시간 20분,2969216,742304
2026-07-23 08:52:46,3박4일,PUS,2027-02-05,2027-02-08,Jeju Air,10:45,12:55,2시간 10분,Jeju Air,10:15,13:00,2시간 45분,3467406,866852
2026-07-23 08:52:46,2박3일,PUS,2027-02-06,2027-02-08,Jeju Air,07:10,09:15,2시간 5분,Jeju Air,10:15,13:00,2시간 45분,3467406,866852
2026-07-23 08:52:46,3박4일,PUS,2027-02-08,2027-02-11,Jeju Air,07:10,09:15,2시간 5분,Korean Air,19:40,22:00,2시간 20분,2485844,621461
2026-07-23 08:52:46,2박3일,PUS,2027-02-09,2027-02-11,Jeju Air,07:10,09:15,2시간 5분,Korean Air,19:40,22:00,2시간 20분,2365844,591461
2026-07-23 08:52:46,3박4일,PUS,2027-02-10,2027-02-13,Jeju Air,07:10,09:15,2시간 5분,Jeju Air,10:15,13:00,2시간 45분,2125438,531360
2026-07-23 08:52:46,2박3일,PUS,2027-02-13,2027-02-15,Jeju Air,07:10,09:15,2시간 5분,Jin Air,11:45,14:05,2시간 20분,2454562,613640
2026-07-23 08:52:46,3박4일,PUS,2027-02-13,2027-02-16,Jeju Air,07:10,09:15,2시간 5분,Jeju Air,10:15,13:00,2시간 45분,2378892,594723
2026-07-23 08:52:46,3박4일,PUS,2027-02-15,2027-02-18,Jeju Air,07:10,09:15,2시간 5분,Jeju Air,10:15,13:00,2시간 45분,2442892,610723
2026-07-23 08:52:46,2박3일,PUS,2027-02-17,2027-02-19,Jeju Air,07:10,09:15,2시간 5분,Jeju Air,10:15,13:00,2시간 45분,2469438,617360
2026-07-23 08:52:46,3박4일,PUS,2027-02-17,2027-02-20,Jeju Air,07:10,09:15,2시간 5분,Jeju Air,10:15,13:00,2시간 45분,3027006,756752
2026-07-23 08:52:46,2박3일,PUS,2027-02-18,2027-02-20,Jin Air,13:30,15:35,2시간 5분,Jeju Air,10:15,13:00,2시간 45분,3121806,780452
2026-07-23 08:52:46,3박4일,PUS,2027-02-18,2027-02-21,Jin Air,13:30,15:35,2시간 5분,Jeju Air,10:15,13:00,2시간 45분,2640270,660068
2026-07-23 08:52:46,2박3일,PUS,2027-02-19,2027-02-21,Jin Air,13:30,15:35,2시간 5분,Jeju Air,10:15,13:00,2시간 45분,2720270,680068
2026-07-23 08:52:46,3박4일,PUS,2027-02-19,2027-02-22,Jin Air,13:30,15:35,2시간 5분,Jin Air,11:45,14:05,2시간 20분,2553362,638340
2026-07-23 08:52:46,2박3일,PUS,2027-02-20,2027-02-22,Jin Air,13:30,15:35,2시간 5분,Jin Air,11:45,14:05,2시간 20분,2553362,638340
2026-07-23 08:52:46,3박4일,PUS,2027-02-20,2027-02-23,Jin Air,13:30,15:35,2시간 5분,Jeju Air,10:15,13:00,2시간 45분,2477692,619423
2026-07-23 16:39:34,2박3일,PUS,2027-01-26,2027-01-28,Jeju Air,07:10,09:15,2시간 5분,Jeju Air,10:15,13:00,2시간 45분,1947459,486865
2026-07-23 16:39:34,3박4일,PUS,2027-01-26,2027-01-29,Jeju Air,07:10,09:15,2시간 5분,Jeju Air,10:15,13:00,2시간 45분,2077171,519293
2026-07-23 16:39:34,2박3일,PUS,2027-01-28,2027-01-30,Jeju Air,07:10,09:15,2시간 5분,Jeju Air,10:15,13:00,2시간 45분,2017171,504293
2026-07-23 16:39:34,3박4일,PUS,2027-01-28,2027-01-31,Jeju Air,07:10,09:15,2시간 5분,Jeju Air,10:15,13:00,2시간 45분,2071217,517804
2026-07-23 16:39:34,2박3일,PUS,2027-02-01,2027-02-03,Jeju Air,07:10,09:15,2시간 5분,Jeju Air,10:15,13:00,2시간 45분,2002758,500690
2026-07-23 16:39:34,2박3일,PUS,2027-02-09,2027-02-11,Jeju Air,07:10,09:15,2시간 5분,Korean Air,19:40,22:00,2시간 20분,2357795,589449
2026-07-23 16:39:34,2박3일,PUS,2027-02-12,2027-02-14,Jeju Air,07:10,09:15,2시간 5분,Jeju Air,10:15,13:00,2시간 45분,2374213,593553
2026-07-23 16:39:34,3박4일,PUS,2027-02-12,2027-02-15,Jeju Air,07:10,09:15,2시간 5분,Jin Air,11:45,14:05,2시간 20분,2208110,552028
2026-07-23 16:39:34,2박3일,PUS,2027-02-13,2027-02-15,Jeju Air,07:10,09:15,2시간 5분,Jin Air,11:45,14:05,2시간 20분,2448110,612028
2026-07-23 16:39:34,3박4일,PUS,2027-02-14,2027-02-17,Jeju Air,10:45,12:55,2시간 10분,Jeju Air,10:15,13:00,2시간 45분,2683158,670790
2026-07-23 16:39:34,2박3일,PUS,2027-02-15,2027-02-17,Jeju Air,07:10,09:15,2시간 5분,Jeju Air,10:15,13:00,2시간 45분,2382758,595690
2026-07-23 16:39:34,3박4일,PUS,2027-02-15,2027-02-18,Jeju Air,07:10,09:15,2시간 5분,Jeju Air,10:15,13:00,2시간 45분,2436805,609201
2026-07-23 16:39:34,2박3일,PUS,2027-02-16,2027-02-18,Jeju Air,07:10,09:15,2시간 5분,Jeju Air,10:15,13:00,2시간 45분,2296805,574201
2026-07-23 16:39:34,3박4일,PUS,2027-02-16,2027-02-19,Jeju Air,07:10,09:15,2시간 5분,Jeju Air,10:15,13:00,2시간 45분,2462548,615637
2026-07-23 16:39:34,3박4일,PUS,2027-02-18,2027-02-21,Jin Air,13:30,15:35,2시간 5분,Jeju Air,10:15,13:00,2시간 45분,2633013,658253
2026-07-23 16:39:34,3박4일,PUS,2027-02-21,2027-02-24,Jeju Air,07:10,09:15,2시간 5분,Jeju Air,10:15,13:00,2시간 45분,2398758,599690
2026-07-24 00:17:05,3박4일,PUS,2027-01-28,2027-01-31,Jeju Air,07:10,09:15,2시간 5분,Jeju Air,10:15,13:00,2시간 45분,2069350,517338
2026-07-24 00:17:05,2박3일,PUS,2027-01-29,2027-01-31,Jeju Air,07:10,09:15,2시간 5분,Jeju Air,10:15,13:00,2시간 45분,2145350,536338
2026-07-24 00:17:05,3박4일,PUS,2027-01-29,2027-02-01,Jeju Air,07:10,09:15,2시간 5분,Jeju Air,10:15,13:00,2시간 45분,2019427,504857
2026-07-24 00:17:05,3박4일,PUS,2027-02-06,2027-02-09,Jeju Air,07:10,09:15,2시간 5분,Jeju Air,14:05,16:45,2시간 40분,3454923,863731
2026-07-24 00:17:05,2박3일,PUS,2027-02-07,2027-02-09,Jeju Air,07:10,09:15,2시간 5분,Jeju Air,14:05,16:45,2시간 40분,3170523,792631
2026-07-24 00:17:05,3박4일,PUS,2027-02-07,2027-02-10,Jeju Air,07:10,09:15,2시간 5분,Jeju Air,14:05,16:45,2시간 40분,3170523,792631
2026-07-24 00:17:05,2박3일,PUS,2027-02-08,2027-02-10,Jeju Air,07:10,09:15,2시간 5분,Jeju Air,14:05,16:45,2시간 40분,2790523,697631
2026-07-24 00:17:05,3박4일,PUS,2027-02-10,2027-02-13,Jeju Air,07:10,09:15,2시간 5분,Jeju Air,10:15,13:00,2시간 45분,2116459,529115
2026-07-24 00:17:05,2박3일,PUS,2027-02-11,2027-02-13,Jeju Air,07:10,09:15,2시간 5분,Jeju Air,10:15,13:00,2시간 45분,2236459,559115
2026-07-24 00:17:05,3박4일,PUS,2027-02-12,2027-02-15,Jeju Air,07:10,09:15,2시간 5분,Jin Air,11:45,14:05,2시간 20분,2206154,551538
2026-07-24 00:17:05,2박3일,PUS,2027-02-13,2027-02-15,Jeju Air,07:10,09:15,2시간 5분,Jin Air,11:45,14:05,2시간 20분,2446154,611538
2026-07-24 00:17:05,3박4일,PUS,2027-02-14,2027-02-17,Jeju Air,10:45,12:55,2시간 10분,Jeju Air,10:15,13:00,2시간 45분,2681392,670348
2026-07-24 00:17:05,2박3일,PUS,2027-02-19,2027-02-21,Jin Air,13:30,15:35,2시간 5분,Jeju Air,10:15,13:00,2시간 45분,2710813,677703
2026-07-24 00:17:05,3박4일,PUS,2027-02-19,2027-02-22,Jin Air,13:30,15:35,2시간 5분,Jin Air,11:45,14:05,2시간 20분,2544954,636238
2026-07-24 00:17:05,2박3일,PUS,2027-02-20,2027-02-22,Jin Air,13:30,15:35,2시간 5분,Jin Air,11:45,14:05,2시간 20분,2544954,636238
2026-07-24 00:17:05,3박4일,PUS,2027-02-20,2027-02-23,Jin Air,13:30,15:35,2시간 5분,Jeju Air,10:15,13:00,2시간 45분,2469759,617440
2026-07-24 00:17:05,2박3일,PUS,2027-02-21,2027-02-23,Jeju Air,07:10,09:15,2시간 5분,Jeju Air,10:15,13:00,2시간 45분,2451759,612940
2026-07-24 00:17:05,3박4일,PUS,2027-02-21,2027-02-24,Jeju Air,07:10,09:15,2시간 5분,Jeju Air,10:15,13:00,2시간 45분,2397792,599448
2026-07-24 08:46:57,2박3일,PUS,2027-01-25,2027-01-27,Jeju Air,07:10,09:15,2시간 5분,Jeju Air,10:15,13:00,2시간 45분,2013479,503370
2026-07-24 08:46:57,3박4일,PUS,2027-01-25,2027-01-28,Jeju Air,07:10,09:15,2시간 5분,Jeju Air,10:15,13:00,2시간 45분,2067488,516872
2026-07-24 08:46:57,2박3일,PUS,2027-01-26,2027-01-28,Jeju Air,07:10,09:15,2시간 5분,Jeju Air,10:15,13:00,2시간 45분,1947488,486872
2026-07-24 08:46:57,3박4일,PUS,2027-01-26,2027-01-29,Jeju Air,07:10,09:15,2시간 5분,Jeju Air,10:15,13:00,2시간 45분,2077107,519277
2026-07-24 08:46:57,2박3일,PUS,2027-01-28,2027-01-30,Jeju Air,07:10,09:15,2시간 5분,Jeju Air,10:15,13:00,2시간 45분,2017107,504277
2026-07-24 08:46:57,3박4일,PUS,2027-01-28,2027-01-31,Jeju Air,07:10,09:15,2시간 5분,Jeju Air,10:15,13:00,2시간 45분,2071116,517779
2026-07-24 08:46:57,2박3일,PUS,2027-01-29,2027-01-31,Jeju Air,07:10,09:15,2시간 5분,Jeju Air,10:15,13:00,2시간 45분,2147116,536779
2026-07-24 08:46:57,3박4일,PUS,2027-01-30,2027-02-02,Jeju Air,07:10,09:15,2시간 5분,Jeju Air,10:15,13:00,2시간 45분,2023488,505872
2026-07-24 08:46:57,2박3일,PUS,2027-02-02,2027-02-04,Jeju Air,07:10,09:15,2시간 5분,Jeju Air,10:15,13:00,2시간 45분,1951116,487779
2026-07-24 08:46:57,3박4일,PUS,2027-02-03,2027-02-06,Jeju Air,07:10,09:15,2시간 5분,Korean Air,12:45,15:05,2시간 20분,2161388,540347
2026-07-24 08:46:57,2박3일,PUS,2027-02-06,2027-02-08,Jeju Air,07:10,09:15,2시간 5분,Jeju Air,14:05,16:45,2시간 40분,3457224,864306
2026-07-24 08:46:57,3박4일,PUS,2027-02-06,2027-02-09,Jeju Air,07:10,09:15,2시간 5분,Jeju Air,14:05,16:45,2시간 40분,3457224,864306
2026-07-24 08:46:57,2박3일,PUS,2027-02-07,2027-02-09,Jeju Air,07:10,09:15,2시간 5분,Jeju Air,14:05,16:45,2시간 40분,3172824,793206
2026-07-24 08:46:57,3박4일,PUS,2027-02-07,2027-02-10,Jeju Air,07:10,09:15,2시간 5분,Jeju Air,14:05,16:45,2시간 40분,3172824,793206
2026-07-24 08:46:57,2박3일,PUS,2027-02-08,2027-02-10,Jeju Air,07:10,09:15,2시간 5분,Jeju Air,14:05,16:45,2시간 40분,2792824,698206
2026-07-24 08:46:57,3박4일,PUS,2027-02-08,2027-02-11,Jeju Air,07:10,09:15,2시간 5분,Korean Air,19:40,22:00,2시간 20분,2477416,619354
2026-07-24 08:46:57,2박3일,PUS,2027-02-09,2027-02-11,Jeju Air,07:10,09:15,2시간 5분,Korean Air,19:40,22:00,2시간 20분,2357416,589354
2026-07-24 08:46:57,3박4일,PUS,2027-02-09,2027-02-12,Jeju Air,07:10,09:15,2시간 5분,Jeju Air,10:15,13:00,2시간 45분,2118339,529585
2026-07-24 08:46:57,3박4일,PUS,2027-02-11,2027-02-14,Jeju Air,07:10,09:15,2시간 5분,Jeju Air,10:15,13:00,2시간 45분,2313951,578488
2026-07-24 08:46:57,2박3일,PUS,2027-02-12,2027-02-14,Jeju Air,07:10,09:15,2시간 5분,Jeju Air,10:15,13:00,2시간 45분,2373951,593488
2026-07-24 08:46:57,3박4일,PUS,2027-02-12,2027-02-15,Jeju Air,07:10,09:15,2시간 5분,Jin Air,11:45,14:05,2시간 20분,2207965,551991
2026-07-24 08:46:57,2박3일,PUS,2027-02-13,2027-02-15,Jeju Air,07:10,09:15,2시간 5분,Jin Air,11:45,14:05,2시간 20분,2447965,611991
2026-07-24 08:46:57,3박4일,PUS,2027-02-13,2027-02-16,Jeju Air,07:10,09:15,2시간 5분,Jeju Air,10:15,13:00,2시간 45분,2372714,593178
2026-07-24 08:46:57,2박3일,PUS,2027-02-14,2027-02-16,Jeju Air,10:45,12:55,2시간 10분,Jeju Air,10:15,13:00,2시간 45분,2737114,684278
2026-07-24 08:46:57,3박4일,PUS,2027-02-14,2027-02-17,Jeju Air,10:45,12:55,2시간 10분,Jeju Air,10:15,13:00,2시간 45분,2683105,670776
2026-07-24 08:46:57,2박3일,PUS,2027-02-15,2027-02-17,Jeju Air,07:10,09:15,2시간 5분,Jeju Air,10:15,13:00,2시간 45분,2382705,595676
2026-07-24 08:46:57,2박3일,PUS,2027-02-19,2027-02-21,Jin Air,13:30,15:35,2시간 5분,Jeju Air,10:15,13:00,2시간 45분,2711951,677988
2026-07-24 08:46:57,3박4일,PUS,2027-02-19,2027-02-22,Jin Air,13:30,15:35,2시간 5분,Jin Air,11:45,14:05,2시간 20분,2545965,636491
2026-07-24 08:46:57,2박3일,PUS,2027-02-20,2027-02-22,Jin Air,13:30,15:35,2시간 5분,Jin Air,11:45,14:05,2시간 20분,2545965,636491
2026-07-24 08:46:57,3박4일,PUS,2027-02-20,2027-02-23,Jin Air,13:30,15:35,2시간 5분,Jeju Air,10:15,13:00,2시간 45분,2470714,617678
2026-07-24 16:37:09,2박3일,PUS,2027-01-25,2027-01-27,Jeju Air,07:10,09:15,2시간 5분,Jeju Air,10:15,13:00,2시간 45분,2007674,501918
2026-07-24 16:37:09,3박4일,PUS,2027-01-25,2027-01-28,Jeju Air,07:10,09:15,2시간 5분,Jeju Air,10:15,13:00,2시간 45분,2061378,515344
2026-07-24 16:37:09,3박4일,PUS,2027-01-28,2027-01-31,Jeju Air,07:10,09:15,2시간 5분,Jeju Air,10:15,13:00,2시간 45분,2063974,515994
2026-07-24 16:37:09,2박3일,PUS,2027-01-29,2027-01-31,Jeju Air,07:10,09:15,2시간 5분,Jeju Air,10:15,13:00,2시간 45분,2139974,534994
2026-07-24 16:37:09,3박4일,PUS,2027-01-30,2027-02-02,Jeju Air,07:10,09:15,2시간 5분,Jeju Air,10:15,13:00,2시간 45분,2017378,504344
2026-07-24 16:37:09,2박3일,PUS,2027-01-31,2027-02-02,Jeju Air,07:10,09:15,2시간 5분,Jeju Air,10:15,13:00,2시간 45분,1897378,474344
2026-07-24 16:37:09,3박4일,PUS,2027-01-31,2027-02-03,Jeju Air,07:10,09:15,2시간 5분,Air Busan,11:25,13:55,2시간 30분,1682202,420550
2026-07-24 16:37:09,2박3일,PUS,2027-02-01,2027-02-03,Jeju Air,07:10,09:15,2시간 5분,Air Busan,11:25,13:55,2시간 30분,1666202,416550
2026-07-24 16:37:09,3박4일,PUS,2027-02-01,2027-02-04,Jeju Air,07:10,09:15,2시간 5분,Jeju Air,10:15,13:00,2시간 45분,2063974,515994
2026-07-24 16:37:09,2박3일,PUS,2027-02-02,2027-02-04,Jeju Air,07:10,09:15,2시간 5분,Jeju Air,10:15,13:00,2시간 45분,1943974,485994
2026-07-24 16:37:09,3박4일,PUS,2027-02-04,2027-02-07,Jeju Air,07:10,09:15,2시간 5분,Korean Air,12:45,15:05,2시간 20분,2669063,667266
2026-07-24 16:37:09,2박3일,PUS,2027-02-05,2027-02-07,Jeju Air,10:45,12:55,2시간 10분,Korean Air,12:45,15:05,2시간 20분,2953463,738366
2026-07-24 16:37:09,3박4일,PUS,2027-02-05,2027-02-08,Jeju Air,10:45,12:55,2시간 10분,Jeju Air,10:15,13:00,2시간 45분,3446113,861528
2026-07-24 16:37:09,2박3일,PUS,2027-02-06,2027-02-08,Jeju Air,07:10,09:15,2시간 5분,Jeju Air,10:15,13:00,2시간 45분,3446113,861528
2026-07-24 16:37:09,3박4일,PUS,2027-02-07,2027-02-10,Jeju Air,07:10,09:15,2시간 5분,Jeju Air,10:15,13:00,2시간 45분,3161713,790428
2026-07-24 16:37:09,2박3일,PUS,2027-02-08,2027-02-10,Jeju Air,07:10,09:15,2시간 5분,Jeju Air,10:15,13:00,2시간 45분,2781713,695428
2026-07-24 16:37:09,3박4일,PUS,2027-02-08,2027-02-11,Jeju Air,07:10,09:15,2시간 5분,Korean Air,19:40,22:00,2시간 20분,2468079,617020
2026-07-24 16:37:09,2박3일,PUS,2027-02-09,2027-02-11,Jeju Air,07:10,09:15,2시간 5분,Korean Air,19:40,22:00,2시간 20분,2348079,587020
2026-07-24 16:37:09,2박3일,PUS,2027-02-12,2027-02-14,Jeju Air,07:10,09:15,2시간 5분,Jeju Air,10:15,13:00,2시간 45분,2365533,591383
2026-07-24 16:37:09,3박4일,PUS,2027-02-12,2027-02-15,Jeju Air,07:10,09:15,2시간 5분,Jin Air,11:45,14:05,2시간 20분,2200481,550120
2026-07-24 16:37:09,2박3일,PUS,2027-02-13,2027-02-15,Jeju Air,07:10,09:15,2시간 5분,Jin Air,11:45,14:05,2시간 20분,2440481,610120
2026-07-24 16:37:09,3박4일,PUS,2027-02-13,2027-02-16,Jeju Air,07:10,09:15,2시간 5분,Jeju Air,10:15,13:00,2시간 45분,2365652,591413
2026-07-24 16:37:09,2박3일,PUS,2027-02-14,2027-02-16,Jeju Air,10:45,12:55,2시간 10분,Jeju Air,10:15,13:00,2시간 45분,2730052,682513
2026-07-24 16:37:09,3박4일,PUS,2027-02-17,2027-02-20,Jeju Air,07:10,09:15,2시간 5분,Jeju Air,10:15,13:00,2시간 45분,3005713,751428
2026-07-24 16:37:09,2박3일,PUS,2027-02-18,2027-02-20,Jin Air,13:30,15:35,2시간 5분,Jeju Air,10:15,13:00,2시간 45분,3099713,774928
2026-07-24 16:37:09,3박4일,PUS,2027-02-18,2027-02-21,Jin Air,13:30,15:35,2시간 5분,Jeju Air,10:15,13:00,2시간 45분,2623533,655883
2026-07-24 16:37:09,3박4일,PUS,2027-02-20,2027-02-23,Jin Air,13:30,15:35,2시간 5분,Jeju Air,10:15,13:00,2시간 45분,2463652,615913
2026-07-25 00:00:57,2박3일,PUS,2027-01-25,2027-01-27,Jeju Air,07:10,09:15,2시간 5분,Jeju Air,10:15,13:00,2시간 45분,2004471,501118
2026-07-25 00:00:57,2박3일,PUS,2027-01-27,2027-01-29,Jeju Air,07:10,09:15,2시간 5분,Jeju Air,10:15,13:00,2시간 45분,1886496,471624
2026-07-25 00:00:57,3박4일,PUS,2027-01-27,2027-01-30,Jeju Air,07:10,09:15,2시간 5분,Jeju Air,10:15,13:00,2시간 45분,1886496,471624
2026-07-25 00:00:57,2박3일,PUS,2027-01-28,2027-01-30,Jeju Air,07:10,09:15,2시간 5분,Jeju Air,10:15,13:00,2시간 45분,2006496,501624
2026-07-25 00:00:57,3박4일,PUS,2027-01-28,2027-01-31,Jeju Air,07:10,09:15,2시간 5분,Jeju Air,10:15,13:00,2시간 45분,2060033,515008
2026-07-25 00:00:57,2박3일,PUS,2027-01-30,2027-02-01,Jeju Air,07:10,09:15,2시간 5분,Jeju Air,10:15,13:00,2시간 45분,2071114,517778
2026-07-25 00:00:57,3박4일,PUS,2027-01-30,2027-02-02,Jeju Air,07:10,09:15,2시간 5분,Jeju Air,10:15,13:00,2시간 45분,2014008,503502
2026-07-25 00:00:57,2박3일,PUS,2027-01-31,2027-02-02,Jeju Air,07:10,09:15,2시간 5분,Jeju Air,10:15,13:00,2시간 45분,1894008,473502
2026-07-25 00:00:57,3박4일,PUS,2027-01-31,2027-02-03,Jeju Air,07:10,09:15,2시간 5분,Air Busan,11:25,13:55,2시간 30분,1679503,419876
2026-07-25 00:00:57,2박3일,PUS,2027-02-01,2027-02-03,Jeju Air,07:10,09:15,2시간 5분,Air Busan,11:25,13:55,2시간 30분,1663503,415876
2026-07-25 00:00:57,3박4일,PUS,2027-02-01,2027-02-04,Jeju Air,07:10,09:15,2시간 5분,Jeju Air,10:15,13:00,2시간 45분,2060033,515008
2026-07-25 00:00:57,2박3일,PUS,2027-02-03,2027-02-05,Jeju Air,07:10,09:15,2시간 5분,Air Busan,11:25,13:55,2시간 30분,1579194,394798
2026-07-25 00:00:57,3박4일,PUS,2027-02-03,2027-02-06,Jeju Air,07:10,09:15,2시간 5분,Korean Air,12:45,15:05,2시간 20분,2148471,537118
2026-07-25 00:00:57,2박3일,PUS,2027-02-07,2027-02-09,Jeju Air,07:10,09:15,2시간 5분,Jeju Air,10:15,13:00,2시간 45분,3155583,788896
2026-07-25 00:00:57,3박4일,PUS,2027-02-07,2027-02-10,Jeju Air,07:10,09:15,2시간 5분,Jeju Air,10:15,13:00,2시간 45분,3155583,788896
2026-07-25 00:00:57,2박3일,PUS,2027-02-09,2027-02-11,Jeju Air,07:10,09:15,2시간 5분,Korean Air,19:40,22:00,2시간 20분,2342927,585732
2026-07-25 00:00:57,3박4일,PUS,2027-02-09,2027-02-12,Jeju Air,07:10,09:15,2시간 5분,Jeju Air,10:15,13:00,2시간 45분,2105937,526484
2026-07-25 00:00:57,2박3일,PUS,2027-02-10,2027-02-12,Jeju Air,07:10,09:15,2시간 5분,Jeju Air,10:15,13:00,2시간 45분,2105937,526484
2026-07-25 00:00:57,3박4일,PUS,2027-02-10,2027-02-13,Jeju Air,07:10,09:15,2시간 5분,Jeju Air,10:15,13:00,2시간 45분,2105937,526484
2026-07-25 00:00:57,2박3일,PUS,2027-02-11,2027-02-13,Jeju Air,07:10,09:15,2시간 5분,Jeju Air,10:15,13:00,2시간 45분,2225937,556484
2026-07-25 00:00:57,3박4일,PUS,2027-02-11,2027-02-14,Jeju Air,07:10,09:15,2시간 5분,Jeju Air,10:15,13:00,2시간 45분,2300889,575222
2026-07-25 00:00:57,2박3일,PUS,2027-02-12,2027-02-14,Jeju Air,07:10,09:15,2시간 5분,Jeju Air,10:15,13:00,2시간 45분,2360889,590222
2026-07-25 00:00:57,3박4일,PUS,2027-02-12,2027-02-15,Jeju Air,07:10,09:15,2시간 5분,Jin Air,11:45,14:05,2시간 20분,2196352,549088
2026-07-25 00:00:57,2박3일,PUS,2027-02-14,2027-02-16,Jeju Air,10:45,12:55,2시간 10분,Jeju Air,10:15,13:00,2시간 45분,2726157,681539
2026-07-25 00:00:57,3박4일,PUS,2027-02-14,2027-02-17,Jeju Air,10:45,12:55,2시간 10분,Jeju Air,10:15,13:00,2시간 45분,2672620,668155
2026-07-25 00:00:57,2박3일,PUS,2027-02-15,2027-02-17,Jeju Air,07:10,09:15,2시간 5분,Jeju Air,10:15,13:00,2시간 45분,2372220,593055
2026-07-25 00:00:57,3박4일,PUS,2027-02-16,2027-02-19,Jeju Air,07:10,09:15,2시간 5분,Jeju Air,10:15,13:00,2시간 45분,2449937,612484
2026-07-25 00:00:57,2박3일,PUS,2027-02-17,2027-02-19,Jeju Air,07:10,09:15,2시간 5분,Jeju Air,10:15,13:00,2시간 45분,2449937,612484
2026-07-25 00:00:57,3박4일,PUS,2027-02-17,2027-02-20,Jeju Air,07:10,09:15,2시간 5분,Jeju Air,10:15,13:00,2시간 45분,2999583,749896
2026-07-25 00:00:57,3박4일,PUS,2027-02-20,2027-02-23,Jin Air,13:30,15:35,2시간 5분,Jeju Air,10:15,13:00,2시간 45분,2459757,614939
2026-07-25 08:53:34,3박4일,PUS,2027-01-26,2027-01-29,Jeju Air,07:10,09:15,2시간 5분,Jeju Air,10:15,13:00,2시간 45분,2062542,515636
2026-07-25 08:53:34,2박3일,PUS,2027-01-27,2027-01-29,Jeju Air,07:10,09:15,2시간 5분,Jeju Air,10:15,13:00,2시간 45분,1882542,470636
2026-07-25 08:53:34,3박4일,PUS,2027-01-27,2027-01-30,Jeju Air,07:10,09:15,2시간 5분,Jeju Air,10:15,13:00,2시간 45분,1882542,470636
2026-07-25 08:53:34,2박3일,PUS,2027-01-28,2027-01-30,Jeju Air,07:10,09:15,2시간 5분,Jeju Air,10:15,13:00,2시간 45분,2002542,500636
2026-07-25 08:53:34,3박4일,PUS,2027-01-28,2027-01-31,Jeju Air,07:10,09:15,2시간 5분,Jeju Air,10:15,13:00,2시간 45분,2055992,513998
2026-07-25 08:53:34,2박3일,PUS,2027-01-30,2027-02-01,Jeju Air,07:10,09:15,2시간 5분,Jeju Air,10:15,13:00,2시간 45분,2067275,516819
2026-07-25 08:53:34,3박4일,PUS,2027-01-30,2027-02-02,Jeju Air,07:10,09:15,2시간 5분,Jeju Air,10:15,13:00,2시간 45분,2010261,502565
2026-07-25 08:53:34,3박4일,PUS,2027-02-02,2027-02-05,Jeju Air,07:10,09:15,2시간 5분,Air Busan,11:25,13:55,2시간 30분,1575738,393934
2026-07-25 08:53:34,2박3일,PUS,2027-02-03,2027-02-05,Jeju Air,07:10,09:15,2시간 5분,Air Busan,11:25,13:55,2시간 30분,1575738,393934
2026-07-25 08:53:34,2박3일,PUS,2027-02-05,2027-02-07,Jeju Air,10:45,12:55,2시간 10분,Korean Air,12:45,15:05,2시간 20분,2944491,736123
2026-07-25 08:53:34,3박4일,PUS,2027-02-05,2027-02-08,Jeju Air,10:45,12:55,2시간 10분,Jeju Air,10:15,13:00,2시간 45분,3434807,858702
2026-07-25 08:53:34,2박3일,PUS,2027-02-06,2027-02-08,Jeju Air,07:10,09:15,2시간 5분,Jeju Air,10:15,13:00,2시간 45분,3434807,858702
2026-07-25 08:53:34,3박4일,PUS,2027-02-06,2027-02-09,Jeju Air,07:10,09:15,2시간 5분,Jeju Air,10:15,13:00,2시간 45분,3434807,858702
2026-07-25 08:53:34,2박3일,PUS,2027-02-07,2027-02-09,Jeju Air,07:10,09:15,2시간 5분,Jeju Air,10:15,13:00,2시간 45분,3150407,787602
2026-07-25 08:53:34,3박4일,PUS,2027-02-07,2027-02-10,Jeju Air,07:10,09:15,2시간 5분,Jeju Air,10:15,13:00,2시간 45분,3150407,787602
2026-07-25 08:53:34,2박3일,PUS,2027-02-08,2027-02-10,Jeju Air,07:10,09:15,2시간 5분,Jeju Air,10:15,13:00,2시간 45분,2770407,692602
2026-07-25 08:53:34,3박4일,PUS,2027-02-08,2027-02-11,Jeju Air,07:10,09:15,2시간 5분,Korean Air,19:40,22:00,2시간 20분,2458258,614564
2026-07-25 08:53:34,2박3일,PUS,2027-02-10,2027-02-12,Jeju Air,07:10,09:15,2시간 5분,Jeju Air,10:15,13:00,2시간 45분,2101652,525413
2026-07-25 08:53:34,3박4일,PUS,2027-02-10,2027-02-13,Jeju Air,07:10,09:15,2시간 5분,Jeju Air,10:15,13:00,2시간 45분,2101652,525413
2026-07-25 08:53:34,3박4일,PUS,2027-02-14,2027-02-17,Jeju Air,10:45,12:55,2시간 10분,Jeju Air,10:15,13:00,2시간 45분,2668688,667172
2026-07-25 08:53:34,2박3일,PUS,2027-02-15,2027-02-17,Jeju Air,07:10,09:15,2시간 5분,Jeju Air,10:15,13:00,2시간 45분,2368288,592072
2026-07-25 08:53:34,3박4일,PUS,2027-02-15,2027-02-18,Jeju Air,07:10,09:15,2시간 5분,Jeju Air,10:15,13:00,2시간 45분,2421739,605435
2026-07-25 08:53:34,2박3일,PUS,2027-02-18,2027-02-20,Jin Air,13:30,15:35,2시간 5분,Jeju Air,10:15,13:00,2시간 45분,3089207,772302
2026-07-25 08:53:34,3박4일,PUS,2027-02-18,2027-02-21,Jin Air,13:30,15:35,2시간 5분,Jeju Air,10:15,13:00,2시간 45분,2615283,653821
2026-07-25 08:53:34,2박3일,PUS,2027-02-20,2027-02-22,Jin Air,13:30,15:35,2시간 5분,Jin Air,11:45,14:05,2시간 20분,2531012,632753
2026-07-25 08:53:34,3박4일,PUS,2027-02-20,2027-02-23,Jin Air,13:30,15:35,2시간 5분,Jeju Air,10:15,13:00,2시간 45분,2456539,614135
2026-07-25 08:53:34,2박3일,PUS,2027-02-21,2027-02-23,Jeju Air,07:10,09:15,2시간 5분,Jeju Air,10:15,13:00,2시간 45분,2437739,609435
2026-07-25 16:23:23,3박4일,PUS,2027-01-25,2027-01-28,Jeju Air,07:10,09:15,2시간 5분,Jeju Air,10:15,13:00,2시간 45분,2058063,514516
2026-07-25 16:23:23,2박3일,PUS,2027-01-26,2027-01-28,Air Busan,08:20,10:25,2시간 5분,Jeju Air,10:15,13:00,2시간 45분,1779263,444816
2026-07-25 16:23:23,3박4일,PUS,2027-01-26,2027-01-29,Air Busan,08:20,10:25,2시간 5분,Jeju Air,10:15,13:00,2시간 45분,1907998,477000
2026-07-25 16:23:23,2박3일,PUS,2027-01-30,2027-02-01,Jeju Air,07:10,09:15,2시간 5분,Jeju Air,10:15,13:00,2시간 45분,2071279,517820
2026-07-25 16:23:23,3박4일,PUS,2027-01-30,2027-02-02,Jeju Air,07:10,09:15,2시간 5분,Jeju Air,10:15,13:00,2시간 45분,2014063,503516
2026-07-25 16:23:23,2박3일,PUS,2027-01-31,2027-02-02,Jeju Air,07:10,09:15,2시간 5분,Jeju Air,10:15,13:00,2시간 45분,1894063,473516
2026-07-25 16:23:23,3박4일,PUS,2027-01-31,2027-02-03,Jeju Air,07:10,09:15,2시간 5분,Air Busan,11:25,13:55,2시간 30분,1679149,419787
2026-07-25 16:23:23,2박3일,PUS,2027-02-01,2027-02-03,Jeju Air,07:10,09:15,2시간 5분,Air Busan,11:25,13:55,2시간 30분,1663149,415787
2026-07-25 16:23:23,3박4일,PUS,2027-02-01,2027-02-04,Jeju Air,07:10,09:15,2시간 5분,Jeju Air,10:15,13:00,2시간 45분,2060437,515109
2026-07-25 16:23:23,2박3일,PUS,2027-02-02,2027-02-04,Jeju Air,07:10,09:15,2시간 5분,Jeju Air,10:15,13:00,2시간 45분,1940437,485109
2026-07-25 16:23:23,2박3일,PUS,2027-02-08,2027-02-10,Jeju Air,07:10,09:15,2시간 5분,Jeju Air,14:05,16:45,2시간 40분,2777322,694330
2026-07-25 16:23:23,3박4일,PUS,2027-02-08,2027-02-11,Jeju Air,07:10,09:15,2시간 5분,Korean Air,19:40,22:00,2시간 20분,2464069,616017
2026-07-25 16:23:23,2박3일,PUS,2027-02-09,2027-02-11,Jeju Air,07:10,09:15,2시간 5분,Korean Air,19:40,22:00,2시간 20분,2344069,586017
2026-07-25 16:23:23,3박4일,PUS,2027-02-09,2027-02-12,Jeju Air,07:10,09:15,2시간 5분,Jeju Air,10:15,13:00,2시간 45분,2106626,526656
2026-07-25 16:23:23,2박3일,PUS,2027-02-10,2027-02-12,Jeju Air,07:10,09:15,2시간 5분,Jeju Air,10:15,13:00,2시간 45분,2106626,526656
2026-07-25 16:23:23,3박4일,PUS,2027-02-10,2027-02-13,Jeju Air,07:10,09:15,2시간 5분,Jeju Air,10:15,13:00,2시간 45분,2106626,526656
2026-07-25 16:23:23,3박4일,PUS,2027-02-12,2027-02-15,Jeju Air,07:10,09:15,2시간 5분,Jin Air,11:45,14:05,2시간 20분,2196870,549218
2026-07-25 16:23:23,2박3일,PUS,2027-02-13,2027-02-15,Jeju Air,07:10,09:15,2시간 5분,Jin Air,11:45,14:05,2시간 20분,2436870,609218
2026-07-25 16:23:23,2박3일,PUS,2027-02-19,2027-02-21,Jin Air,09:30,12:00,2시간 30분,Jeju Air,10:15,13:00,2시간 45분,2700521,675130
2026-07-25 16:23:23,2박3일,PUS,2027-02-21,2027-02-23,Jeju Air,07:10,09:15,2시간 5분,Jeju Air,10:15,13:00,2시간 45분,2442133,610533
2026-07-25 16:23:23,3박4일,PUS,2027-02-21,2027-02-24,Jeju Air,07:10,09:15,2시간 5분,Jeju Air,10:15,13:00,2시간 45분,2388494,597124
2026-07-25 23:40:47,2박3일,PUS,2027-01-25,2027-01-27,Jeju Air,07:10,09:15,2시간 5분,Jeju Air,10:15,13:00,2시간 45분,2004384,501096
2026-07-25 23:40:47,3박4일,PUS,2027-01-25,2027-01-28,Jeju Air,07:10,09:15,2시간 5분,Jeju Air,10:15,13:00,2시간 45분,2058021,514505
2026-07-25 23:40:47,3박4일,PUS,2027-01-27,2027-01-30,Jeju Air,07:10,09:15,2시간 5분,Jeju Air,10:15,13:00,2시간 45분,1886750,471688
2026-07-25 23:40:47,2박3일,PUS,2027-01-28,2027-01-30,Jeju Air,07:10,09:15,2시간 5분,Jeju Air,10:15,13:00,2시간 45분,2006750,501688
2026-07-25 23:40:47,2박3일,PUS,2027-02-01,2027-02-03,Jeju Air,07:10,09:15,2시간 5분,Air Busan,11:25,13:55,2시간 30분,1663115,415779
2026-07-25 23:40:47,3박4일,PUS,2027-02-01,2027-02-04,Jeju Air,07:10,09:15,2시간 5분,Jeju Air,10:15,13:00,2시간 45분,2060387,515097
2026-07-25 23:40:47,2박3일,PUS,2027-02-02,2027-02-04,Jeju Air,07:10,09:15,2시간 5분,Jeju Air,10:15,13:00,2시간 45분,1940387,485097
2026-07-25 23:40:47,3박4일,PUS,2027-02-02,2027-02-05,Jeju Air,07:10,09:15,2시간 5분,Air Busan,11:25,13:55,2시간 30분,1578873,394718
2026-07-25 23:40:47,2박3일,PUS,2027-02-04,2027-02-06,Jeju Air,07:10,09:15,2시간 5분,Korean Air,12:45,15:05,2시간 20분,2665214,666304
2026-07-25 23:40:47,3박4일,PUS,2027-02-05,2027-02-08,Jeju Air,10:45,12:55,2시간 10분,Jeju Air,10:15,13:00,2시간 45분,3441645,860411
2026-07-25 23:40:47,2박3일,PUS,2027-02-07,2027-02-09,Jeju Air,07:10,09:15,2시간 5분,Jeju Air,10:15,13:00,2시간 45분,3157245,789311
2026-07-25 23:40:47,2박3일,PUS,2027-02-09,2027-02-11,Jeju Air,07:10,09:15,2시간 5분,Korean Air,19:40,22:00,2시간 20분,2344005,586001
2026-07-25 23:40:47,3박4일,PUS,2027-02-12,2027-02-15,Jeju Air,07:10,09:15,2시간 5분,Jin Air,11:45,14:05,2시간 20분,2196818,549204
2026-07-25 23:40:47,2박3일,PUS,2027-02-13,2027-02-15,Jeju Air,07:10,09:15,2시간 5분,Jin Air,11:45,14:05,2시간 20분,2436818,609204
2026-07-25 23:40:47,3박4일,PUS,2027-02-13,2027-02-16,Jeju Air,07:10,09:15,2시간 5분,Air Busan,11:25,13:55,2시간 30분,1979115,494779
2026-07-25 23:40:47,2박3일,PUS,2027-02-17,2027-02-19,Jeju Air,07:10,09:15,2시간 5분,Jeju Air,10:15,13:00,2시간 45분,2450571,612643
2026-07-25 23:40:47,3박4일,PUS,2027-02-18,2027-02-21,Air Busan,08:20,10:25,2시간 5분,Jeju Air,10:15,13:00,2시간 45분,2266863,566716
2026-07-25 23:40:47,2박3일,PUS,2027-02-20,2027-02-22,Jin Air,13:30,15:35,2시간 5분,Jin Air,11:45,14:05,2시간 20분,2535618,633904
2026-07-25 23:40:47,3박4일,PUS,2027-02-21,2027-02-24,Jeju Air,07:10,09:15,2시간 5분,Jeju Air,10:15,13:00,2시간 45분,2388447,597112
2026-07-26 08:48:41,2박3일,PUS,2027-01-26,2027-01-28,Air Busan,08:20,10:25,2시간 5분,Jeju Air,10:15,13:00,2시간 45분,1779221,444805
2026-07-26 08:48:41,3박4일,PUS,2027-01-27,2027-01-30,Jeju Air,07:10,09:15,2시간 5분,Jeju Air,10:15,13:00,2시간 45분,1886750,471688
2026-07-26 08:48:41,2박3일,PUS,2027-01-28,2027-01-30,Jeju Air,07:10,09:15,2시간 5분,Jeju Air,10:15,13:00,2시간 45분,2006750,501688
2026-07-26 08:48:41,3박4일,PUS,2027-01-28,2027-01-31,Jeju Air,07:10,09:15,2시간 5분,Jeju Air,10:15,13:00,2시간 45분,2060387,515097
2026-07-26 08:48:41,2박3일,PUS,2027-01-29,2027-01-31,Jeju Air,07:10,09:15,2시간 5분,Jeju Air,10:15,13:00,2시간 45분,2136387,534097
2026-07-26 08:48:41,3박4일,PUS,2027-01-30,2027-02-02,Jeju Air,07:10,09:15,2시간 5분,Jeju Air,10:15,13:00,2시간 45분,2014021,503505
2026-07-26 08:48:41,2박3일,PUS,2027-02-02,2027-02-04,Jeju Air,07:10,09:15,2시간 5분,Jeju Air,10:15,13:00,2시간 45분,1940387,485097
2026-07-26 08:48:41,3박4일,PUS,2027-02-02,2027-02-05,Jeju Air,07:10,09:15,2시간 5분,Air Busan,11:25,13:55,2시간 30분,1578873,394718
2026-07-26 08:48:41,2박3일,PUS,2027-02-03,2027-02-05,Jeju Air,07:10,09:15,2시간 5분,Air Busan,11:25,13:55,2시간 30분,1578873,394718
2026-07-26 08:48:41,3박4일,PUS,2027-02-03,2027-02-06,Jeju Air,07:10,09:15,2시간 5분,Korean Air,12:45,15:05,2시간 20분,2149214,537304
2026-07-26 08:48:41,2박3일,PUS,2027-02-04,2027-02-06,Jeju Air,07:10,09:15,2시간 5분,Korean Air,12:45,15:05,2시간 20분,2665214,666304
2026-07-26 08:48:41,3박4일,PUS,2027-02-04,2027-02-07,Jeju Air,07:10,09:15,2시간 5분,Korean Air,12:45,15:05,2시간 20분,2665214,666304
2026-07-26 08:48:41,2박3일,PUS,2027-02-07,2027-02-09,Jeju Air,07:10,09:15,2시간 5분,Jeju Air,10:15,13:00,2시간 45분,3157245,789311
2026-07-26 08:48:41,3박4일,PUS,2027-02-07,2027-02-10,Jeju Air,07:10,09:15,2시간 5분,Jeju Air,14:05,16:45,2시간 40분,3157245,789311
2026-07-26 08:48:41,3박4일,PUS,2027-02-15,2027-02-18,Jeju Air,07:10,09:15,2시간 5분,Jeju Air,10:15,13:00,2시간 45분,2426084,606521
2026-07-26 08:48:41,2박3일,PUS,2027-02-18,2027-02-20,Air Busan,08:20,10:25,2시간 5분,Jeju Air,14:05,16:45,2시간 40분,2742445,685611
2026-07-26 16:41:24,2박3일,PUS,2027-01-25,2027-01-27,Jeju Air,07:10,09:15,2시간 5분,Air Busan,11:25,13:55,2시간 30분,1843149,460787
2026-07-26 16:41:24,3박4일,PUS,2027-01-25,2027-01-28,Jeju Air,07:10,09:15,2시간 5분,Jeju Air,10:15,13:00,2시간 45분,2058063,514516
2026-07-26 16:41:24,2박3일,PUS,2027-01-27,2027-01-29,Jeju Air,07:10,09:15,2시간 5분,Jeju Air,10:15,13:00,2시간 45분,1886798,471700
2026-07-26 16:41:24,2박3일,PUS,2027-02-07,2027-02-09,Jeju Air,07:10,09:15,2시간 5분,Jeju Air,10:15,13:00,2시간 45분,3157322,789330
2026-07-26 16:41:24,3박4일,PUS,2027-02-07,2027-02-10,Jeju Air,07:10,09:15,2시간 5분,Jeju Air,14:05,16:45,2시간 40분,3157322,789330
2026-07-26 16:41:24,2박3일,PUS,2027-02-11,2027-02-13,Air Busan,08:20,10:25,2시간 5분,Jeju Air,10:15,13:00,2시간 45분,2191826,547956
2026-07-26 16:41:24,3박4일,PUS,2027-02-11,2027-02-14,Air Busan,08:20,10:25,2시간 5분,Jeju Air,10:15,13:00,2시간 45분,2266921,566730
2026-07-26 16:41:24,2박3일,PUS,2027-02-12,2027-02-14,Jeju Air,07:10,09:15,2시간 5분,Jeju Air,10:15,13:00,2시간 45분,2361721,590430
2026-07-26 16:41:24,3박4일,PUS,2027-02-16,2027-02-19,Jeju Air,07:10,09:15,2시간 5분,Jeju Air,10:15,13:00,2시간 45분,2450626,612656
2026-07-26 16:41:24,2박3일,PUS,2027-02-18,2027-02-20,Air Busan,08:20,10:25,2시간 5분,Jeju Air,14:05,16:45,2시간 40분,2742522,685630
2026-07-26 16:41:24,3박4일,PUS,2027-02-18,2027-02-21,Air Busan,08:20,10:25,2시간 5분,Jeju Air,10:15,13:00,2시간 45분,2266921,566730
2026-07-26 16:41:24,2박3일,PUS,2027-02-21,2027-02-23,Jeju Air,07:10,09:15,2시간 5분,Air Busan,11:25,13:55,2시간 30분,2237946,559486
2026-07-26 23:41:50,3박4일,PUS,2027-01-29,2027-02-01,Jeju Air,07:10,09:15,2시간 5분,Jeju Air,10:15,13:00,2시간 45분,2011234,502808
2026-07-26 23:41:50,2박3일,PUS,2027-01-30,2027-02-01,Jeju Air,07:10,09:15,2시간 5분,Jeju Air,10:15,13:00,2시간 45분,2071234,517808
2026-07-26 23:41:50,3박4일,PUS,2027-01-30,2027-02-02,Jeju Air,07:10,09:15,2시간 5분,Jeju Air,10:15,13:00,2시간 45분,2014021,503505
2026-07-26 23:41:50,2박3일,PUS,2027-01-31,2027-02-02,Jeju Air,07:10,09:15,2시간 5분,Jeju Air,10:15,13:00,2시간 45분,1894021,473505
2026-07-26 23:41:50,3박4일,PUS,2027-02-05,2027-02-08,Jeju Air,10:45,12:55,2시간 10분,Jeju Air,10:15,13:00,2시간 45분,3441645,860411
2026-07-26 23:41:50,2박3일,PUS,2027-02-12,2027-02-14,Jeju Air,07:10,09:15,2시간 5분,Jeju Air,10:15,13:00,2시간 45분,2361663,590416
2026-07-26 23:41:50,2박3일,PUS,2027-02-16,2027-02-18,Jeju Air,07:10,09:15,2시간 5분,Jeju Air,10:15,13:00,2시간 45분,2286084,571521
2026-07-26 23:41:50,3박4일,PUS,2027-02-16,2027-02-19,Jeju Air,07:10,09:15,2시간 5분,Jeju Air,10:15,13:00,2시간 45분,2450571,612643
2026-07-26 23:41:50,2박3일,PUS,2027-02-17,2027-02-19,Jeju Air,07:10,09:15,2시간 5분,Jeju Air,10:15,13:00,2시간 45분,2450571,612643
2026-07-27 08:49:55,2박3일,PUS,2027-02-18,2027-02-20,Air Busan,08:20,10:25,2시간 5분,Jeju Air,14:05,16:45,2시간 40분,2737369,684342
2026-07-27 08:49:55,3박4일,PUS,2027-02-18,2027-02-21,Air Busan,08:20,10:25,2시간 5분,Jeju Air,10:15,13:00,2시간 45분,2263017,565754
2026-07-27 17:38:53,3박4일,PUS,2027-01-25,2027-01-28,Jeju Air,07:10,09:15,2시간 5분,Air Busan,11:25,13:55,2시간 30분,1848381,462095
2026-07-27 17:38:53,2박3일,PUS,2027-01-26,2027-01-28,Air Busan,08:20,10:25,2시간 5분,Air Busan,11:25,13:55,2시간 30분,1569581,392395
2026-07-27 17:38:53,3박4일,PUS,2027-01-26,2027-01-29,Air Busan,08:20,10:25,2시간 5분,Jeju Air,10:15,13:00,2시간 45분,1915311,478828
2026-07-27 17:38:53,2박3일,PUS,2027-01-27,2027-01-29,Jeju Air,07:10,09:15,2시간 5분,Jeju Air,10:15,13:00,2시간 45분,1894111,473528
2026-07-27 17:38:53,3박4일,PUS,2027-01-27,2027-01-30,Jeju Air,07:10,09:15,2시간 5분,Jeju Air,10:15,13:00,2시간 45분,1894111,473528
2026-07-27 17:38:53,2박3일,PUS,2027-01-29,2027-01-31,Jeju Air,07:10,09:15,2시간 5분,Jeju Air,10:15,13:00,2시간 45분,2144075,536019
2026-07-27 17:38:53,3박4일,PUS,2027-01-31,2027-02-03,Jeju Air,07:10,09:15,2시간 5분,Air Busan,11:25,13:55,2시간 30분,1684381,421095
2026-07-27 17:38:53,2박3일,PUS,2027-02-01,2027-02-03,Jeju Air,07:10,09:15,2시간 5분,Air Busan,11:25,13:55,2시간 30분,1668381,417095
2026-07-27 17:38:53,3박4일,PUS,2027-02-02,2027-02-05,Jeju Air,07:10,09:15,2시간 5분,Air Busan,11:25,13:55,2시간 30분,1584357,396089
2026-07-27 17:38:53,2박3일,PUS,2027-02-05,2027-02-07,Jeju Air,10:45,12:55,2시간 10분,Korean Air,12:45,15:05,2시간 20분,2958575,739644
2026-07-27 17:38:53,3박4일,PUS,2027-02-09,2027-02-12,Jeju Air,07:10,09:15,2시간 5분,Air Busan,11:25,13:55,2시간 30분,1744261,436065
2026-07-27 17:38:53,2박3일,PUS,2027-02-10,2027-02-12,Jeju Air,07:10,09:15,2시간 5분,Air Busan,11:25,13:55,2시간 30분,1744261,436065
2026-07-27 17:38:53,3박4일,PUS,2027-02-12,2027-02-15,Air Busan,08:20,10:25,2시간 5분,Air Busan,11:25,13:55,2시간 30분,1905437,476359
2026-07-27 17:38:53,2박3일,PUS,2027-02-13,2027-02-15,Jeju Air,07:10,09:15,2시간 5분,Air Busan,11:25,13:55,2시간 30분,2200237,550059
2026-07-27 17:38:53,3박4일,PUS,2027-02-13,2027-02-16,Jeju Air,07:10,09:15,2시간 5분,Air Busan,11:25,13:55,2시간 30분,1984381,496095
2026-07-27 17:38:53,2박3일,PUS,2027-02-15,2027-02-17,Jeju Air,07:10,09:15,2시간 5분,Air Busan,11:25,13:55,2시간 30분,2048381,512095
2026-07-27 17:38:53,2박3일,PUS,2027-02-18,2027-02-20,Air Busan,08:20,10:25,2시간 5분,Jeju Air,14:05,16:45,2시간 40분,2754405,688601
2026-07-27 17:38:53,3박4일,PUS,2027-02-18,2027-02-21,Air Busan,08:20,10:25,2시간 5분,Jeju Air,10:15,13:00,2시간 45분,2275924,568981
2026-07-28 00:48:17,2박3일,PUS,2027-01-29,2027-01-31,Jeju Air,07:10,09:15,2시간 5분,Jeju Air,10:15,13:00,2시간 45분,2140240,535060
2026-07-28 00:48:17,3박4일,PUS,2027-01-29,2027-02-01,Jeju Air,07:10,09:15,2시간 5분,Air Busan,11:25,13:55,2시간 30분,1921021,480255
2026-07-28 00:48:17,2박3일,PUS,2027-02-01,2027-02-03,Jeju Air,07:10,09:15,2시간 5분,Air Busan,11:25,13:55,2시간 30분,1666028,416507
2026-07-28 00:48:17,3박4일,PUS,2027-02-01,2027-02-04,Jeju Air,07:10,09:15,2시간 5분,Air Busan,11:25,13:55,2시간 30분,1666028,416507
2026-07-28 00:48:17,2박3일,PUS,2027-02-11,2027-02-13,Air Busan,08:20,10:25,2시간 5분,Air Busan,11:25,13:55,2시간 30분,1754864,438716
2026-07-28 00:48:17,3박4일,PUS,2027-02-11,2027-02-14,Air Busan,08:20,10:25,2시간 5분,Jeju Air,10:15,13:00,2시간 45분,2271875,567969
2026-07-28 00:48:17,2박3일,PUS,2027-02-13,2027-02-15,Jeju Air,07:10,09:15,2시간 5분,Air Busan,11:25,13:55,2시간 30분,2197300,549325
2026-07-28 00:48:17,2박3일,PUS,2027-02-15,2027-02-17,Jeju Air,07:10,09:15,2시간 5분,Air Busan,11:25,13:55,2시간 30분,2046028,511507
2026-07-28 00:48:17,3박4일,PUS,2027-02-15,2027-02-18,Jeju Air,07:10,09:15,2시간 5분,Jeju Air,10:15,13:00,2시간 45분,2430288,607572
2026-07-28 00:48:17,2박3일,PUS,2027-02-18,2027-02-20,Air Busan,08:20,10:25,2시간 5분,Jeju Air,14:05,16:45,2시간 40분,2749061,687265
2026-07-28 00:48:17,3박4일,PUS,2027-02-18,2027-02-21,Air Busan,08:20,10:25,2시간 5분,Jeju Air,10:15,13:00,2시간 45분,2271875,567969
2026-07-28 00:48:17,3박4일,PUS,2027-02-20,2027-02-23,Jin Air,13:30,15:35,2시간 5분,Air Busan,11:25,13:55,2시간 30분,2260221,565055
2026-07-28 00:48:17,2박3일,PUS,2027-02-21,2027-02-23,Jeju Air,07:10,09:15,2시간 5분,Air Busan,11:25,13:55,2시간 30분,2241421,560355
2026-07-28 08:52:37,2박3일,PUS,2027-01-25,2027-01-27,Jeju Air,07:10,09:15,2시간 5분,Air Busan,11:25,13:55,2시간 30분,1843621,460905
2026-07-28 08:52:37,3박4일,PUS,2027-01-25,2027-01-28,Jeju Air,07:10,09:15,2시간 5분,Air Busan,11:25,13:55,2시간 30분,1843621,460905
2026-07-28 08:52:37,2박3일,PUS,2027-01-26,2027-01-28,Air Busan,08:20,10:25,2시간 5분,Air Busan,11:25,13:55,2시간 30분,1565221,391305
2026-07-28 08:52:37,2박3일,PUS,2027-01-30,2027-02-01,Air Busan,08:20,10:25,2시간 5분,Air Busan,11:25,13:55,2시간 30분,1904199,476050
2026-07-28 08:52:37,3박4일,PUS,2027-01-31,2027-02-03,Jeju Air,07:10,09:15,2시간 5분,Air Busan,11:25,13:55,2시간 30분,1679621,419905
2026-07-28 08:52:37,2박3일,PUS,2027-02-03,2027-02-05,Jeju Air,07:10,09:15,2시간 5분,Air Busan,11:25,13:55,2시간 30분,1579417,394854
2026-07-28 08:52:37,3박4일,PUS,2027-02-04,2027-02-07,Jeju Air,07:10,09:15,2시간 5분,Korean Air,12:45,15:05,2시간 20분,2666356,666589
2026-07-28 08:52:37,2박3일,PUS,2027-02-05,2027-02-07,Jeju Air,10:45,12:55,2시간 10분,Korean Air,12:45,15:05,2시간 20분,2950756,737689
2026-07-28 08:52:37,3박4일,PUS,2027-02-05,2027-02-08,Jeju Air,10:45,12:55,2시간 10분,Jeju Air,10:15,13:00,2시간 45분,3443303,860826
2026-07-28 08:52:37,2박3일,PUS,2027-02-07,2027-02-09,Jeju Air,07:10,09:15,2시간 5분,Jeju Air,10:15,13:00,2시간 45분,3158903,789726
2026-07-28 08:52:37,3박4일,PUS,2027-02-08,2027-02-11,Jeju Air,07:10,09:15,2시간 5분,Korean Air,19:40,22:00,2시간 20분,2465334,616334
2026-07-28 08:52:37,2박3일,PUS,2027-02-09,2027-02-11,Jeju Air,07:10,09:15,2시간 5분,Korean Air,19:40,22:00,2시간 20분,2345334,586334
2026-07-28 08:52:37,3박4일,PUS,2027-02-09,2027-02-12,Jeju Air,07:10,09:15,2시간 5분,Air Busan,11:25,13:55,2시간 30분,1738599,434650
2026-07-28 08:52:37,2박3일,PUS,2027-02-10,2027-02-12,Jeju Air,07:10,09:15,2시간 5분,Air Busan,11:25,13:55,2시간 30분,1738599,434650
2026-07-28 08:52:37,3박4일,PUS,2027-02-10,2027-02-13,Jeju Air,07:10,09:15,2시간 5분,Air Busan,11:25,13:55,2시간 30분,1667008,416752
2026-07-28 08:52:37,2박3일,PUS,2027-02-11,2027-02-13,Air Busan,08:20,10:25,2시간 5분,Air Busan,11:25,13:55,2시간 30분,1752608,438152
2026-07-28 08:52:37,2박3일,PUS,2027-02-14,2027-02-16,Jeju Air,07:10,09:15,2시간 5분,Air Busan,11:25,13:55,2시간 30분,2344021,586005
2026-07-28 08:52:37,3박4일,PUS,2027-02-15,2027-02-18,Jeju Air,07:10,09:15,2시간 5분,Jeju Air,10:15,13:00,2시간 45분,2426992,606748
2026-07-28 08:52:37,2박3일,PUS,2027-02-17,2027-02-19,Jeju Air,07:10,09:15,2시간 5분,Jeju Air,10:15,13:00,2시간 45분,2451651,612913
2026-07-28 08:52:37,3박4일,PUS,2027-02-17,2027-02-20,Jeju Air,07:10,09:15,2시간 5분,Jeju Air,14:05,16:45,2시간 40분,3002903,750726
2026-07-28 08:52:37,2박3일,PUS,2027-02-18,2027-02-20,Air Busan,08:20,10:25,2시간 5분,Jeju Air,14:05,16:45,2시간 40분,2744503,686126
2026-07-28 08:52:37,3박4일,PUS,2027-02-18,2027-02-21,Air Busan,08:20,10:25,2시간 5분,Jeju Air,10:15,13:00,2시간 45분,2268422,567106
2026-07-28 08:52:37,2박3일,PUS,2027-02-21,2027-02-23,Jeju Air,07:10,09:15,2시간 5분,Air Busan,11:25,13:55,2시간 30분,2238599,559650
2026-07-28 08:52:37,3박4일,PUS,2027-02-21,2027-02-24,Jeju Air,07:10,09:15,2시간 5분,Air Busan,11:25,13:55,2시간 30분,2238599,559650
2026-07-28 16:43:10,2박3일,PUS,2027-01-25,2027-01-27,Jeju Air,07:10,09:15,2시간 5분,Air Busan,11:25,13:55,2시간 30분,1841683,460421
2026-07-28 16:43:10,3박4일,PUS,2027-01-25,2027-01-28,Jeju Air,07:10,09:15,2시간 5분,Air Busan,11:25,13:55,2시간 30분,1841683,460421
2026-07-28 16:43:10,2박3일,PUS,2027-01-26,2027-01-28,Air Busan,08:20,10:25,2시간 5분,Air Busan,11:25,13:55,2시간 30분,1563283,390821
2026-07-28 16:43:10,3박4일,PUS,2027-01-26,2027-01-29,Air Busan,08:20,10:25,2시간 5분,Jeju Air,10:15,13:00,2시간 45분,1906507,476627
2026-07-28 16:43:10,2박3일,PUS,2027-01-29,2027-01-31,Jeju Air,07:10,09:15,2시간 5분,Jeju Air,10:15,13:00,2시간 45분,2134480,533620
2026-07-28 16:43:10,3박4일,PUS,2027-02-03,2027-02-06,Jeju Air,07:10,09:15,2시간 5분,Korean Air,12:45,15:05,2시간 20분,2147058,536764
2026-07-28 16:43:10,2박3일,PUS,2027-02-05,2027-02-07,Jeju Air,10:45,12:55,2시간 10분,Korean Air,12:45,15:05,2시간 20분,2947458,736864
2026-07-28 16:43:10,3박4일,PUS,2027-02-05,2027-02-08,Jeju Air,10:45,12:55,2시간 10분,Jeju Air,10:15,13:00,2시간 45분,3438901,859725
2026-07-28 16:43:10,2박3일,PUS,2027-02-06,2027-02-08,Jeju Air,07:10,09:15,2시간 5분,Jeju Air,10:15,13:00,2시간 45분,3438901,859725
2026-07-28 16:43:10,2박3일,PUS,2027-02-15,2027-02-17,Jeju Air,07:10,09:15,2시간 5분,Air Busan,11:25,13:55,2시간 30분,2041683,510421
2026-07-28 16:43:10,3박4일,PUS,2027-02-15,2027-02-18,Jeju Air,07:10,09:15,2시간 5분,Jeju Air,10:15,13:00,2시간 45분,2424194,606048
2026-07-28 16:43:10,3박4일,PUS,2027-02-19,2027-02-22,Air Busan,08:20,10:25,2시간 5분,Air Busan,11:25,13:55,2시간 30분,1897575,474394
2026-07-28 16:43:10,2박3일,PUS,2027-02-20,2027-02-22,Jin Air,13:30,15:35,2시간 5분,Air Busan,11:25,13:55,2시간 30분,2289575,572394
2026-07-28 16:43:10,3박4일,PUS,2027-02-21,2027-02-24,Jeju Air,07:10,09:15,2시간 5분,Air Busan,11:25,13:55,2시간 30분,2236260,559065
2026-07-29 00:26:41,2박3일,PUS,2027-01-26,2027-01-28,Air Busan,08:20,10:25,2시간 5분,Air Busan,11:25,13:55,2시간 30분,1558927,389732
2026-07-29 00:26:41,2박3일,PUS,2027-01-29,2027-01-31,Jeju Air,07:10,09:15,2시간 5분,Jeju Air,10:15,13:00,2시간 45분,2128121,532030
2026-07-29 00:26:41,3박4일,PUS,2027-01-31,2027-02-03,Jeju Air,07:10,09:15,2시간 5분,Air Busan,11:25,13:55,2시간 30분,1673327,418332
2026-07-29 00:26:41,2박3일,PUS,2027-02-03,2027-02-05,Jeju Air,07:10,09:15,2시간 5분,Air Busan,11:25,13:55,2시간 30분,1572862,393216
2026-07-29 00:26:41,3박4일,PUS,2027-02-03,2027-02-06,Jeju Air,07:10,09:15,2시간 5분,Korean Air,12:45,15:05,2시간 20분,2139646,534912
2026-07-29 00:26:41,2박3일,PUS,2027-02-04,2027-02-06,Jeju Air,07:10,09:15,2시간 5분,Korean Air,12:45,15:05,2시간 20분,2655646,663912
2026-07-29 00:26:41,3박4일,PUS,2027-02-05,2027-02-08,Jeju Air,10:45,12:55,2시간 10분,Jeju Air,10:15,13:00,2시간 45분,3429008,857252
2026-07-29 00:26:41,2박3일,PUS,2027-02-06,2027-02-08,Jeju Air,07:10,09:15,2시간 5분,Jeju Air,10:15,13:00,2시간 45분,3429008,857252
2026-07-29 00:26:41,2박3일,PUS,2027-02-09,2027-02-11,Jeju Air,07:10,09:15,2시간 5분,Korean Air,19:40,22:00,2시간 20분,2333321,583330
2026-07-29 00:26:41,3박4일,PUS,2027-02-09,2027-02-12,Jeju Air,07:10,09:15,2시간 5분,Air Busan,11:25,13:55,2시간 30분,1731002,432750
2026-07-29 00:26:41,2박3일,PUS,2027-02-10,2027-02-12,Jeju Air,07:10,09:15,2시간 5분,Air Busan,11:25,13:55,2시간 30분,1731002,432750
2026-07-29 00:26:41,3박4일,PUS,2027-02-10,2027-02-13,Jeju Air,07:10,09:15,2시간 5분,Air Busan,11:25,13:55,2시간 30분,1659932,414983
2026-07-29 00:26:41,3박4일,PUS,2027-02-12,2027-02-15,Air Busan,08:20,10:25,2시간 5분,Air Busan,11:25,13:55,2시간 30분,1892137,473034
2026-07-29 00:26:41,2박3일,PUS,2027-02-13,2027-02-15,Jeju Air,07:10,09:15,2시간 5분,Air Busan,11:25,13:55,2시간 30분,2186537,546634
2026-07-29 00:26:41,3박4일,PUS,2027-02-15,2027-02-18,Jeju Air,07:10,09:15,2시간 5분,Jeju Air,10:15,13:00,2시간 45분,2417907,604477
2026-07-29 00:26:41,2박3일,PUS,2027-02-19,2027-02-21,Air Busan,08:20,10:25,2시간 5분,Jeju Air,10:15,13:00,2시간 45분,2297592,574398
2026-07-29 00:26:41,3박4일,PUS,2027-02-19,2027-02-22,Air Busan,08:20,10:25,2시간 5분,Air Busan,11:25,13:55,2시간 30분,1892137,473034
2026-07-29 00:26:41,2박3일,PUS,2027-02-20,2027-02-22,Jin Air,13:30,15:35,2시간 5분,Air Busan,11:25,13:55,2시간 30분,2285337,571334
2026-07-29 00:26:41,3박4일,PUS,2027-02-21,2027-02-24,Jeju Air,07:10,09:15,2시간 5분,Air Busan,11:25,13:55,2시간 30분,2231002,557750
2026-07-29 08:48:29,2박3일,PUS,2027-01-27,2027-01-29,Jeju Air,07:10,09:15,2시간 5분,Jeju Air,10:15,13:00,2시간 45분,1877344,469336
2026-07-29 08:48:29,3박4일,PUS,2027-01-27,2027-01-30,Jeju Air,07:10,09:15,2시간 5분,Jeju Air,10:15,13:00,2시간 45분,1877344,469336
2026-07-29 08:48:29,2박3일,PUS,2027-01-29,2027-01-31,Jeju Air,07:10,09:15,2시간 5분,Jeju Air,10:15,13:00,2시간 45분,2126581,531645
2026-07-29 08:48:29,3박4일,PUS,2027-01-29,2027-02-01,Jeju Air,07:10,09:15,2시간 5분,Air Busan,11:25,13:55,2시간 30분,1909729,477432
2026-07-29 08:48:29,2박3일,PUS,2027-01-30,2027-02-01,Air Busan,08:20,10:25,2시간 5분,Air Busan,11:25,13:55,2시간 30분,1895329,473832
2026-07-29 08:48:29,3박4일,PUS,2027-01-30,2027-02-02,Air Busan,08:20,10:25,2시간 5분,Air Busan,11:25,13:55,2시간 30분,1717872,429468
2026-07-29 08:48:29,2박3일,PUS,2027-01-31,2027-02-02,Jeju Air,07:10,09:15,2시간 5분,Air Busan,11:25,13:55,2시간 30분,1672272,418068
2026-07-29 08:48:29,3박4일,PUS,2027-01-31,2027-02-03,Jeju Air,07:10,09:15,2시간 5분,Air Busan,11:25,13:55,2시간 30분,1672272,418068
2026-07-29 08:48:29,2박3일,PUS,2027-02-02,2027-02-04,Jeju Air,07:10,09:15,2시간 5분,Air Busan,11:25,13:55,2시간 30분,1536272,384068
2026-07-29 08:48:29,3박4일,PUS,2027-02-03,2027-02-06,Jeju Air,07:10,09:15,2시간 5분,Korean Air,12:45,15:05,2시간 20분,2137850,534462
2026-07-29 08:48:29,2박3일,PUS,2027-02-05,2027-02-07,Jeju Air,10:45,12:55,2시간 10분,Korean Air,12:45,15:05,2시간 20분,2938250,734562
2026-07-29 08:48:29,3박4일,PUS,2027-02-06,2027-02-09,Jeju Air,07:10,09:15,2시간 5분,Jeju Air,10:15,13:00,2시간 45분,3426611,856653
2026-07-29 08:48:29,2박3일,PUS,2027-02-07,2027-02-09,Jeju Air,07:10,09:15,2시간 5분,Jeju Air,10:15,13:00,2시간 45분,3142211,785553
2026-07-29 08:48:29,3박4일,PUS,2027-02-07,2027-02-10,Jeju Air,07:10,09:15,2시간 5분,Jeju Air,14:05,16:45,2시간 40분,3142211,785553
2026-07-29 08:48:29,3박4일,PUS,2027-02-13,2027-02-16,Jeju Air,07:10,09:15,2시간 5분,Air Busan,11:25,13:55,2시간 30분,1972272,493068
2026-07-29 08:48:29,3박4일,PUS,2027-02-15,2027-02-18,Jeju Air,07:10,09:15,2시간 5분,Jeju Air,10:15,13:00,2시간 45분,2416384,604096
2026-07-29 08:48:29,2박3일,PUS,2027-02-16,2027-02-18,Air Busan,08:20,10:25,2시간 5분,Jeju Air,10:15,13:00,2시간 45분,1937984,484496
2026-07-29 08:48:29,2박3일,PUS,2027-02-21,2027-02-23,Jeju Air,07:10,09:15,2시간 5분,Air Busan,11:25,13:55,2시간 30분,2229729,557432
2026-07-29 16:48:22,2박3일,PUS,2027-01-28,2027-01-30,Air Busan,08:20,10:25,2시간 5분,Jeju Air,10:15,13:00,2시간 45분,1975819,493955
2026-07-29 16:48:22,3박4일,PUS,2027-01-28,2027-01-31,Air Busan,08:20,10:25,2시간 5분,Jeju Air,10:15,13:00,2시간 45분,2028918,507230
2026-07-29 16:48:22,2박3일,PUS,2027-01-30,2027-02-01,Air Busan,08:20,10:25,2시간 5분,Air Busan,11:25,13:55,2시간 30분,1892631,473158
2026-07-29 16:48:22,2박3일,PUS,2027-02-07,2027-02-09,Jeju Air,07:10,09:15,2시간 5분,Jeju Air,10:15,13:00,2시간 45분,3137135,784284
2026-07-29 16:48:22,3박4일,PUS,2027-02-07,2027-02-10,Jeju Air,07:10,09:15,2시간 5분,Jeju Air,14:05,16:45,2시간 40분,3137135,784284
2026-07-29 16:48:22,2박3일,PUS,2027-02-09,2027-02-11,Jeju Air,07:10,09:15,2시간 5분,Korean Air,19:40,22:00,2시간 20분,2327041,581760
2026-07-29 16:48:22,3박4일,PUS,2027-02-10,2027-02-13,Jeju Air,07:10,09:15,2시간 5분,Air Busan,11:25,13:55,2시간 30분,1656233,414058
2026-07-29 16:48:22,3박4일,PUS,2027-02-13,2027-02-16,Jeju Air,07:10,09:15,2시간 5분,Air Busan,11:25,13:55,2시간 30분,1970036,492509
2026-07-29 16:48:22,2박3일,PUS,2027-02-14,2027-02-16,Jeju Air,10:45,12:55,2시간 10분,Air Busan,11:25,13:55,2시간 30분,2334436,583609
2026-07-29 16:48:22,3박4일,PUS,2027-02-14,2027-02-17,Jeju Air,10:45,12:55,2시간 10분,Air Busan,11:25,13:55,2시간 30분,2334436,583609
2026-07-29 16:48:22,2박3일,PUS,2027-02-15,2027-02-17,Jeju Air,07:10,09:15,2시간 5분,Air Busan,11:25,13:55,2시간 30분,2034036,508509
2026-07-29 16:48:22,3박4일,PUS,2027-02-15,2027-02-18,Jeju Air,07:10,09:15,2시간 5분,Jeju Air,10:15,13:00,2시간 45분,2413158,603290
2026-07-29 16:48:22,2박3일,PUS,2027-02-16,2027-02-18,Air Busan,08:20,10:25,2시간 5분,Jeju Air,10:15,13:00,2시간 45분,1934758,483690
2026-07-29 16:48:22,3박4일,PUS,2027-02-21,2027-02-24,Jeju Air,07:10,09:15,2시간 5분,Air Busan,11:25,13:55,2시간 30분,2227031,556758
2026-07-30 00:12:26,2박3일,PUS,2027-01-26,2027-01-28,Air Busan,08:20,10:25,2시간 5분,Air Busan,11:25,13:55,2시간 30분,1557142,389286
2026-07-30 00:12:26,2박3일,PUS,2027-01-28,2027-01-30,Air Busan,08:20,10:25,2시간 5분,Jeju Air,10:15,13:00,2시간 45분,1977924,494481
2026-07-30 00:12:26,3박4일,PUS,2027-01-31,2027-02-03,Jeju Air,07:10,09:15,2시간 5분,Air Busan,11:25,13:55,2시간 30분,1671542,417886
2026-07-30 00:12:26,2박3일,PUS,2027-02-01,2027-02-03,Air Busan,08:20,10:25,2시간 5분,Air Busan,11:25,13:55,2시간 30분,1557142,389286
2026-07-30 00:12:26,2박3일,PUS,2027-02-07,2027-02-09,Jeju Air,07:10,09:15,2시간 5분,Jeju Air,10:15,13:00,2시간 45분,3140554,785138
2026-07-30 00:12:26,3박4일,PUS,2027-02-07,2027-02-10,Jeju Air,07:10,09:15,2시간 5분,Jeju Air,14:05,16:45,2시간 40분,3140554,785138
2026-07-30 00:12:26,2박3일,PUS,2027-02-09,2027-02-11,Jeju Air,07:10,09:15,2시간 5분,Korean Air,19:40,22:00,2시간 20분,2329914,582478
2026-07-30 00:12:26,3박4일,PUS,2027-02-09,2027-02-12,Jeju Air,07:10,09:15,2시간 5분,Air Busan,11:25,13:55,2시간 30분,1728848,432212
2026-07-30 00:12:26,3박4일,PUS,2027-02-11,2027-02-14,Air Busan,08:20,10:25,2시간 5분,Jeju Air,10:15,13:00,2시간 45분,2254521,563630
2026-07-30 00:12:26,2박3일,PUS,2027-02-12,2027-02-14,Air Busan,08:20,10:25,2시간 5분,Jeju Air,10:15,13:00,2시간 45분,2294521,573630
2026-07-30 00:12:26,3박4일,PUS,2027-02-14,2027-02-17,Jeju Air,10:45,12:55,2시간 10분,Air Busan,11:25,13:55,2시간 30분,2335942,583986
2026-07-30 00:12:26,2박3일,PUS,2027-02-15,2027-02-17,Jeju Air,07:10,09:15,2시간 5분,Air Busan,11:25,13:55,2시간 30분,2035542,508886
2026-07-30 00:12:26,3박4일,PUS,2027-02-16,2027-02-19,Air Busan,08:20,10:25,2시간 5분,Jeju Air,10:15,13:00,2시간 45분,2100052,525013
2026-07-30 00:12:26,2박3일,PUS,2027-02-17,2027-02-19,Jeju Air,07:10,09:15,2시간 5분,Jeju Air,10:15,13:00,2시간 45분,2438452,609613
2026-07-30 00:12:26,2박3일,PUS,2027-02-20,2027-02-22,Jin Air,13:30,15:35,2시간 5분,Air Busan,11:25,13:55,2시간 30분,2283109,570777
2026-07-30 00:12:26,3박4일,PUS,2027-02-20,2027-02-23,Jin Air,13:30,15:35,2시간 5분,Air Busan,11:25,13:55,2시간 30분,2247648,561912
2026-07-30 08:51:18,2박3일,PUS,2027-01-25,2027-01-27,Air Busan,08:20,10:25,2시간 5분,Air Busan,11:25,13:55,2시간 30분,1554643,388661
2026-07-30 08:51:18,2박3일,PUS,2027-01-28,2027-01-30,Air Busan,08:20,10:25,2시간 5분,Jeju Air,10:15,13:00,2시간 45분,1974431,493608
2026-07-30 08:51:18,3박4일,PUS,2027-01-28,2027-01-31,Air Busan,08:20,10:25,2시간 5분,Jeju Air,10:15,13:00,2시간 45분,2027468,506867
2026-07-30 08:51:18,3박4일,PUS,2027-01-30,2027-02-02,Air Busan,08:20,10:25,2시간 5분,Air Busan,11:25,13:55,2시간 30분,1714643,428661
2026-07-30 08:51:18,2박3일,PUS,2027-02-20,2027-02-22,Jin Air,13:30,15:35,2시간 5분,Air Busan,11:25,13:55,2시간 30분,2278790,569698
2026-07-30 16:38:32,2박3일,PUS,2027-01-25,2027-01-27,Air Busan,08:20,10:25,2시간 5분,Air Busan,11:25,13:55,2시간 30분,1548234,387058
2026-07-30 16:38:32,3박4일,PUS,2027-01-25,2027-01-28,Air Busan,08:20,10:25,2시간 5분,Air Busan,11:25,13:55,2시간 30분,1548234,387058
2026-07-30 16:38:32,2박3일,PUS,2027-01-26,2027-01-28,Air Busan,08:20,10:25,2시간 5분,Air Busan,11:25,13:55,2시간 30분,1548234,387058
2026-07-30 16:38:32,3박4일,PUS,2027-01-29,2027-02-01,Jeju Air,07:10,09:15,2시간 5분,Air Busan,11:25,13:55,2시간 30분,1898096,474524
2026-07-30 16:38:32,2박3일,PUS,2027-01-30,2027-02-01,Air Busan,08:20,10:25,2시간 5분,Air Busan,11:25,13:55,2시간 30분,1883696,470924
2026-07-30 16:38:32,3박4일,PUS,2027-01-30,2027-02-02,Air Busan,08:20,10:25,2시간 5분,Air Busan,11:25,13:55,2시간 30분,1708234,427058
2026-07-30 16:38:32,2박3일,PUS,2027-02-01,2027-02-03,Air Busan,08:20,10:25,2시간 5분,Air Busan,11:25,13:55,2시간 30분,1548234,387058
2026-07-30 16:38:32,3박4일,PUS,2027-02-02,2027-02-05,Jeju Air,07:10,09:15,2시간 5분,Air Busan,11:25,13:55,2시간 30분,1561726,390432
2026-07-30 16:38:32,2박3일,PUS,2027-02-03,2027-02-05,Jeju Air,07:10,09:15,2시간 5분,Air Busan,11:25,13:55,2시간 30분,1561726,390432
2026-07-30 16:38:32,3박4일,PUS,2027-02-03,2027-02-06,Jeju Air,07:10,09:15,2시간 5분,Korean Air,12:45,15:05,2시간 20분,2121450,530362
2026-07-30 16:38:32,2박3일,PUS,2027-02-04,2027-02-06,Air Busan,08:20,10:25,2시간 5분,Korean Air,12:45,15:05,2시간 20분,2503050,625762
2026-07-30 16:38:32,3박4일,PUS,2027-02-04,2027-02-07,Air Busan,08:20,10:25,2시간 5분,Korean Air,12:45,15:05,2시간 20분,2503050,625762
2026-07-30 16:38:32,2박3일,PUS,2027-02-05,2027-02-07,Jeju Air,10:45,12:55,2시간 10분,Korean Air,12:45,15:05,2시간 20분,2921850,730462
2026-07-30 16:38:32,3박4일,PUS,2027-02-05,2027-02-08,Jeju Air,10:45,12:55,2시간 10분,Jeju Air,10:15,13:00,2시간 45분,3404722,851180
2026-07-30 16:38:32,2박3일,PUS,2027-02-09,2027-02-11,Jeju Air,07:10,09:15,2시간 5분,Korean Air,19:40,22:00,2시간 20분,2312912,578228
2026-07-30 16:38:32,3박4일,PUS,2027-02-11,2027-02-14,Air Busan,08:20,10:25,2시간 5분,Jeju Air,10:15,13:00,2시간 45분,2239193,559798
2026-07-30 16:38:32,2박3일,PUS,2027-02-12,2027-02-14,Air Busan,08:20,10:25,2시간 5분,Jeju Air,10:15,13:00,2시간 45분,2279193,569798
2026-07-30 16:38:32,2박3일,PUS,2027-02-15,2027-02-17,Jeju Air,07:10,09:15,2시간 5분,Air Busan,11:25,13:55,2시간 30분,2026634,506658
2026-07-30 16:38:32,3박4일,PUS,2027-02-16,2027-02-19,Air Busan,08:20,10:25,2시간 5분,Jeju Air,10:15,13:00,2시간 45분,2085499,521375
2026-07-30 16:38:32,2박3일,PUS,2027-02-18,2027-02-20,Air Busan,08:20,10:25,2시간 5분,Jeju Air,14:05,16:45,2시간 40분,2705922,676480
2026-07-30 16:38:32,3박4일,PUS,2027-02-19,2027-02-22,Air Busan,08:20,10:25,2시간 5분,Air Busan,11:25,13:55,2시간 30분,1878788,469697
2026-07-30 16:38:32,2박3일,PUS,2027-02-20,2027-02-22,Jin Air,13:30,15:35,2시간 5분,Air Busan,11:25,13:55,2시간 30분,2270788,567697
2026-07-31 00:17:26,2박3일,PUS,2027-01-30,2027-02-01,Air Busan,08:20,10:25,2시간 5분,Air Busan,11:25,13:55,2시간 30분,1885581,471395
2026-07-31 00:17:26,3박4일,PUS,2027-01-30,2027-02-02,Air Busan,08:20,10:25,2시간 5분,Air Busan,11:25,13:55,2시간 30분,1709795,427449
2026-07-31 00:17:26,2박3일,PUS,2027-02-01,2027-02-03,Air Busan,08:20,10:25,2시간 5분,Air Busan,11:25,13:55,2시간 30분,1549795,387449
2026-07-31 00:17:26,3박4일,PUS,2027-02-06,2027-02-09,Jeju Air,07:10,09:15,2시간 5분,Jeju Air,10:15,13:00,2시간 45분,3408269,852067
2026-07-31 00:17:26,3박4일,PUS,2027-02-09,2027-02-12,Jeju Air,07:10,09:15,2시간 5분,Air Busan,11:25,13:55,2시간 30분,1719981,429995
2026-07-31 00:17:26,2박3일,PUS,2027-02-10,2027-02-12,Jeju Air,07:10,09:15,2시간 5분,Air Busan,11:25,13:55,2시간 30분,1719981,429995
2026-07-31 00:17:26,3박4일,PUS,2027-02-10,2027-02-13,Jeju Air,07:10,09:15,2시간 5분,Air Busan,11:25,13:55,2시간 30분,1649666,412416
2026-07-31 00:17:26,2박3일,PUS,2027-02-14,2027-02-16,Jeju Air,10:45,12:55,2시간 10분,Air Busan,11:25,13:55,2시간 30분,2328595,582149
2026-07-31 00:17:26,2박3일,PUS,2027-02-16,2027-02-18,Air Busan,08:20,10:25,2시간 5분,Jeju Air,10:15,13:00,2시간 45분,1926327,481582
2026-07-31 00:17:26,3박4일,PUS,2027-02-18,2027-02-21,Air Busan,08:20,10:25,2시간 5분,Jeju Air,10:15,13:00,2시간 45분,2241880,560470
2026-07-31 00:17:26,2박3일,PUS,2027-02-21,2027-02-23,Jeju Air,07:10,09:15,2시간 5분,Air Busan,11:25,13:55,2시간 30분,2219981,554995
2026-07-31 08:51:44,2박3일,PUS,2027-01-25,2027-01-27,Air Busan,08:20,10:25,2시간 5분,Air Busan,11:25,13:55,2시간 30분,1560420,390105
2026-07-31 08:51:44,2박3일,PUS,2027-02-02,2027-02-04,Jeju Air,07:10,09:15,2시간 5분,Air Busan,11:25,13:55,2시간 30분,1536420,384105
2026-07-31 08:51:44,2박3일,PUS,2027-02-07,2027-02-09,Jeju Air,07:10,09:15,2시간 5분,Jeju Air,10:15,13:00,2시간 45분,3145598,786400
2026-07-31 08:51:44,3박4일,PUS,2027-02-07,2027-02-10,Jeju Air,07:10,09:15,2시간 5분,Jeju Air,14:05,16:45,2시간 40분,3145598,786400
2026-07-31 08:51:44,2박3일,PUS,2027-02-09,2027-02-11,Jeju Air,07:10,09:15,2시간 5분,Korean Air,19:40,22:00,2시간 20분,2333770,583442
2026-07-31 08:51:44,3박4일,PUS,2027-02-10,2027-02-13,Jeju Air,07:10,09:15,2시간 5분,Air Busan,11:25,13:55,2시간 30분,1659210,414802
2026-07-31 08:51:44,2박3일,PUS,2027-02-11,2027-02-13,Air Busan,08:20,10:25,2시간 5분,Air Busan,11:25,13:55,2시간 30분,1747210,436802
2026-07-31 08:51:44,3박4일,PUS,2027-02-12,2027-02-15,Air Busan,08:20,10:25,2시간 5분,Air Busan,11:25,13:55,2시간 30분,1894000,473500
2026-07-31 08:51:44,2박3일,PUS,2027-02-15,2027-02-17,Jeju Air,07:10,09:15,2시간 5분,Air Busan,11:25,13:55,2시간 30분,2036420,509105
2026-07-31 08:51:44,3박4일,PUS,2027-02-15,2027-02-18,Jeju Air,07:10,09:15,2시간 5분,Jeju Air,10:15,13:00,2시간 45분,2417661,604415
2026-07-31 08:51:44,2박3일,PUS,2027-02-16,2027-02-18,Air Busan,08:20,10:25,2시간 5분,Jeju Air,10:15,13:00,2시간 45분,1941661,485415
2026-07-31 08:51:44,3박4일,PUS,2027-02-16,2027-02-19,Air Busan,08:20,10:25,2시간 5분,Jeju Air,10:15,13:00,2시간 45분,2105407,526352
2026-07-31 08:51:44,2박3일,PUS,2027-02-17,2027-02-19,Jeju Air,07:10,09:15,2시간 5분,Jeju Air,10:15,13:00,2시간 45분,2441407,610352
2026-07-31 08:51:44,3박4일,PUS,2027-02-17,2027-02-20,Jeju Air,07:10,09:15,2시간 5분,Jeju Air,14:05,16:45,2시간 40분,2989598,747400
2026-07-31 08:51:44,2박3일,PUS,2027-02-20,2027-02-22,Jin Air,13:30,15:35,2시간 5분,Air Busan,11:25,13:55,2시간 30분,2284400,571100
2026-07-31 08:51:44,3박4일,PUS,2027-02-20,2027-02-23,Jin Air,13:30,15:35,2시간 5분,Air Busan,11:25,13:55,2시간 30분,2248804,562201
2026-07-31 08:51:44,2박3일,PUS,2027-02-21,2027-02-23,Jeju Air,07:10,09:15,2시간 5분,Air Busan,11:25,13:55,2시간 30분,2230404,557601
2026-07-31 08:51:44,3박4일,PUS,2027-02-21,2027-02-24,Jeju Air,07:10,09:15,2시간 5분,Air Busan,11:25,13:55,2시간 30분,2230404,557601
2026-07-31 16:57:12,2박3일,PUS,2027-01-25,2027-01-27,Air Busan,08:20,10:25,2시간 5분,Air Busan,11:25,13:55,2시간 30분,1562292,390573
2026-07-31 16:57:12,3박4일,PUS,2027-01-25,2027-01-28,Air Busan,08:20,10:25,2시간 5분,Air Busan,11:25,13:55,2시간 30분,1562292,390573
2026-07-31 16:57:12,2박3일,PUS,2027-01-26,2027-01-28,Air Busan,08:20,10:25,2시간 5분,Air Busan,11:25,13:55,2시간 30분,1562292,390573
2026-07-31 16:57:12,3박4일,PUS,2027-01-26,2027-01-29,Air Busan,08:20,10:25,2시간 5분,Jeju Air,10:15,13:00,2시간 45분,1905122,476280
2026-07-31 16:57:12,2박3일,PUS,2027-01-27,2027-01-29,Jeju Air,07:10,09:15,2시간 5분,Jeju Air,10:15,13:00,2시간 45분,1881122,470280
2026-07-31 16:57:12,2박3일,PUS,2027-01-30,2027-02-01,Air Busan,08:20,10:25,2시간 5분,Air Busan,11:25,13:55,2시간 30분,1900664,475166
2026-07-31 16:57:12,3박4일,PUS,2027-01-30,2027-02-02,Air Busan,08:20,10:25,2시간 5분,Air Busan,11:25,13:55,2시간 30분,1722292,430573
2026-07-31 16:57:12,2박3일,PUS,2027-01-31,2027-02-02,Jeju Air,07:10,09:15,2시간 5분,Air Busan,11:25,13:55,2시간 30분,1674292,418573
2026-07-31 16:57:12,3박4일,PUS,2027-02-02,2027-02-05,Jeju Air,07:10,09:15,2시간 5분,Air Busan,11:25,13:55,2시간 30분,1573967,393492
2026-07-31 16:57:12,2박3일,PUS,2027-02-03,2027-02-05,Jeju Air,07:10,09:15,2시간 5분,Air Busan,11:25,13:55,2시간 30분,1573967,393492
2026-07-31 16:57:12,3박4일,PUS,2027-02-03,2027-02-06,Jeju Air,07:10,09:15,2시간 5분,Korean Air,12:45,15:05,2시간 20분,2142972,535743
2026-07-31 16:57:12,2박3일,PUS,2027-02-05,2027-02-07,Jeju Air,10:45,12:55,2시간 10분,Korean Air,12:45,15:05,2시간 20분,2943372,735843
2026-07-31 16:57:12,3박4일,PUS,2027-02-06,2027-02-09,Jeju Air,07:10,09:15,2시간 5분,Jeju Air,10:15,13:00,2시간 45분,3434251,858563
2026-07-31 16:57:12,2박3일,PUS,2027-02-08,2027-02-10,Jeju Air,07:10,09:15,2시간 5분,Jeju Air,14:05,16:45,2시간 40분,2769851,692463
2026-07-31 16:57:12,3박4일,PUS,2027-02-08,2027-02-11,Jeju Air,07:10,09:15,2시간 5분,Korean Air,19:40,22:00,2시간 20분,2457344,614336
2026-07-31 16:57:12,2박3일,PUS,2027-02-10,2027-02-12,Air Busan,08:20,10:25,2시간 5분,Air Busan,11:25,13:55,2시간 30분,1700664,425166
2026-07-31 16:57:12,3박4일,PUS,2027-02-10,2027-02-13,Air Busan,08:20,10:25,2시간 5분,Air Busan,11:25,13:55,2시간 30분,1629315,407329
2026-07-31 16:57:12,2박3일,PUS,2027-02-12,2027-02-14,Air Busan,08:20,10:25,2시간 5분,Jeju Air,10:15,13:00,2시간 45분,2303382,575846
2026-07-31 16:57:12,3박4일,PUS,2027-02-13,2027-02-16,Jeju Air,07:10,09:15,2시간 5분,Air Busan,11:25,13:55,2시간 30분,1974292,493573
2026-07-31 16:57:12,2박3일,PUS,2027-02-15,2027-02-17,Jeju Air,07:10,09:15,2시간 5분,Air Busan,11:25,13:55,2시간 30분,2038292,509573
2026-07-31 16:57:12,3박4일,PUS,2027-02-15,2027-02-18,Jeju Air,07:10,09:15,2시간 5분,Jeju Air,10:15,13:00,2시간 45분,2420364,605091
2026-07-31 16:57:12,2박3일,PUS,2027-02-16,2027-02-18,Air Busan,08:20,10:25,2시간 5분,Jeju Air,10:15,13:00,2시간 45분,1944364,486091
2026-07-31 16:57:12,3박4일,PUS,2027-02-18,2027-02-21,Air Busan,08:20,10:25,2시간 5분,Jeju Air,10:15,13:00,2시간 45분,2263382,565846
2026-07-31 16:57:12,2박3일,PUS,2027-02-19,2027-02-21,Air Busan,08:20,10:25,2시간 5분,Jeju Air,10:15,13:00,2시간 45분,2303382,575846
2026-07-31 16:57:12,3박4일,PUS,2027-02-19,2027-02-22,Air Busan,08:20,10:25,2시간 5분,Air Busan,11:25,13:55,2시간 30분,1896338,474084
2026-07-31 16:57:12,2박3일,PUS,2027-02-20,2027-02-22,Jin Air,13:30,15:35,2시간 5분,Air Busan,11:25,13:55,2시간 30분,2286738,571684
2026-07-31 16:57:12,3박4일,PUS,2027-02-20,2027-02-23,Jin Air,13:30,15:35,2시간 5분,Air Busan,11:25,13:55,2시간 30분,2251064,562766
2026-08-01 08:51:07,3박4일,PUS,2027-01-25,2027-01-28,Air Busan,08:20,10:25,2시간 5분,Air Busan,11:25,13:55,2시간 30분,1586148,396537
2026-08-01 08:51:07,2박3일,PUS,2027-01-26,2027-01-28,Air Busan,08:20,10:25,2시간 5분,Air Busan,11:25,13:55,2시간 30분,1586148,396537
2026-08-01 08:51:07,3박4일,PUS,2027-01-26,2027-01-29,Air Busan,08:20,10:25,2시간 5분,Jeju Air,10:15,13:00,2시간 45분,1938467,484617
2026-08-01 08:51:07,2박3일,PUS,2027-01-28,2027-01-30,Jeju Air,07:10,09:15,2시간 5분,Jeju Air,10:15,13:00,2시간 45분,1975667,493917
2026-08-01 08:51:07,3박4일,PUS,2027-01-28,2027-01-31,Jeju Air,07:10,09:15,2시간 5분,Air Busan,11:25,13:55,2시간 30분,1843318,460830
2026-08-01 08:51:07,2박3일,PUS,2027-01-30,2027-02-01,Air Busan,08:20,10:25,2시간 5분,Air Busan,11:25,13:55,2시간 30분,1929457,482364
2026-08-01 08:51:07,3박4일,PUS,2027-01-31,2027-02-03,Jeju Air,07:10,09:15,2시간 5분,Air Busan,11:25,13:55,2시간 30분,1639348,409837
2026-08-01 08:51:07,2박3일,PUS,2027-02-01,2027-02-03,Air Busan,08:20,10:25,2시간 5분,Air Busan,11:25,13:55,2시간 30분,1586148,396537
2026-08-01 08:51:07,2박3일,PUS,2027-02-03,2027-02-05,Jeju Air,07:10,09:15,2시간 5분,Air Busan,11:25,13:55,2시간 30분,1540010,385002
2026-08-01 08:51:07,3박4일,PUS,2027-02-03,2027-02-06,Jeju Air,07:10,09:15,2시간 5분,Korean Air,12:45,15:05,2시간 20분,2124764,531191
2026-08-01 08:51:07,2박3일,PUS,2027-02-04,2027-02-06,Air Busan,08:20,10:25,2시간 5분,Korean Air,12:45,15:05,2시간 20분,2567564,641891
2026-08-01 08:51:07,3박4일,PUS,2027-02-04,2027-02-07,Air Busan,08:20,10:25,2시간 5분,Korean Air,12:45,15:05,2시간 20분,2567564,641891
2026-08-01 08:51:07,2박3일,PUS,2027-02-06,2027-02-08,Jeju Air,07:10,09:15,2시간 5분,Jeju Air,10:15,13:00,2시간 45분,3429630,857408
2026-08-01 08:51:07,3박4일,PUS,2027-02-07,2027-02-10,Jeju Air,07:10,09:15,2시간 5분,Jeju Air,14:05,16:45,2시간 40분,3145230,786308
2026-08-01 08:51:07,2박3일,PUS,2027-02-08,2027-02-10,Jeju Air,07:10,09:15,2시간 5분,Jeju Air,14:05,16:45,2시간 40분,2765230,691308
2026-08-01 08:51:07,3박4일,PUS,2027-02-08,2027-02-11,Jeju Air,07:10,09:15,2시간 5분,Korean Air,19:40,22:00,2시간 20분,2444073,611018
2026-08-01 08:51:07,3박4일,PUS,2027-02-11,2027-02-14,Jeju Air,07:10,09:15,2시간 5분,Air Busan,11:25,13:55,2시간 30분,1859318,464830
2026-08-01 08:51:07,2박3일,PUS,2027-02-12,2027-02-14,Jeju Air,07:10,09:15,2시간 5분,Air Busan,11:25,13:55,2시간 30분,1919318,479830
2026-08-01 08:51:07,3박4일,PUS,2027-02-12,2027-02-15,Jeju Air,07:10,09:15,2시간 5분,Air Busan,11:25,13:55,2시간 30분,1919318,479830
2026-08-01 08:51:07,2박3일,PUS,2027-02-16,2027-02-18,Air Busan,08:20,10:25,2시간 5분,Jeju Air,10:15,13:00,2시간 45분,1978795,494699
2026-08-01 08:51:07,3박4일,PUS,2027-02-17,2027-02-20,Air Busan,08:20,10:25,2시간 5분,Jeju Air,14:05,16:45,2시간 40분,2712030,678008
2026-08-01 08:51:07,2박3일,PUS,2027-02-20,2027-02-22,Jin Air,13:30,15:35,2시간 5분,Air Busan,11:25,13:55,2시간 30분,2256518,564130
2026-08-01 08:51:07,3박4일,PUS,2027-02-20,2027-02-23,Jin Air,13:30,15:35,2시간 5분,Air Busan,11:25,13:55,2시간 30분,2219857,554964
2026-08-01 08:51:07,2박3일,PUS,2027-02-21,2027-02-23,Jeju Air,07:10,09:15,2시간 5분,Air Busan,11:25,13:55,2시간 30분,2202657,550664
2026-08-01 08:51:07,3박4일,PUS,2027-02-21,2027-02-24,Jeju Air,07:10,09:15,2시간 5분,Air Busan,11:25,13:55,2시간 30분,2202657,550664
2026-08-01 16:32:52,3박4일,PUS,2027-01-27,2027-01-30,Jeju Air,07:10,09:15,2시간 5분,Jeju Air,10:15,13:00,2시간 45분,1855667,463917
2026-08-01 16:32:52,2박3일,PUS,2027-01-29,2027-01-31,Jeju Air,07:10,09:15,2시간 5분,Air Busan,11:25,13:55,2시간 30분,1919318,479830
2026-08-01 16:32:52,3박4일,PUS,2027-01-30,2027-02-02,Air Busan,08:20,10:25,2시간 5분,Air Busan,11:25,13:55,2시간 30분,1746148,436537
2026-08-01 16:32:52,2박3일,PUS,2027-02-02,2027-02-04,Jeju Air,07:10,09:15,2시간 5분,Air Busan,11:25,13:55,2시간 30분,1503348,375837
2026-08-01 16:32:52,3박4일,PUS,2027-02-02,2027-02-05,Jeju Air,07:10,09:15,2시간 5분,Air Busan,11:25,13:55,2시간 30분,1540010,385002
2026-08-01 16:32:52,2박3일,PUS,2027-02-03,2027-02-05,Jeju Air,07:10,09:15,2시간 5분,Air Busan,11:25,13:55,2시간 30분,1540010,385002
2026-08-01 16:32:52,3박4일,PUS,2027-02-05,2027-02-08,Jeju Air,10:45,12:55,2시간 10분,Jeju Air,10:15,13:00,2시간 45분,3429630,857408
2026-08-01 16:32:52,2박3일,PUS,2027-02-06,2027-02-08,Jeju Air,07:10,09:15,2시간 5분,Jeju Air,10:15,13:00,2시간 45분,3429630,857408
2026-08-01 16:32:52,3박4일,PUS,2027-02-06,2027-02-09,Jeju Air,07:10,09:15,2시간 5분,Jeju Air,10:15,13:00,2시간 45분,3429630,857408
2026-08-01 16:32:52,2박3일,PUS,2027-02-07,2027-02-09,Jeju Air,07:10,09:15,2시간 5분,Jeju Air,10:15,13:00,2시간 45분,3145230,786308
2026-08-01 16:32:52,3박4일,PUS,2027-02-07,2027-02-10,Jeju Air,07:10,09:15,2시간 5분,Jeju Air,14:05,16:45,2시간 40분,3145230,786308
2026-08-01 16:32:52,3박4일,PUS,2027-02-10,2027-02-13,Jeju Air,07:10,09:15,2시간 5분,Air Busan,11:25,13:55,2시간 30분,1629333,407333
2026-08-01 16:32:52,2박3일,PUS,2027-02-12,2027-02-14,Jeju Air,07:10,09:15,2시간 5분,Air Busan,11:25,13:55,2시간 30분,1919318,479830
2026-08-01 16:32:52,3박4일,PUS,2027-02-12,2027-02-15,Jeju Air,07:10,09:15,2시간 5분,Air Busan,11:25,13:55,2시간 30분,1919318,479830
2026-08-01 16:32:52,3박4일,PUS,2027-02-17,2027-02-20,Air Busan,08:20,10:25,2시간 5분,Jeju Air,14:05,16:45,2시간 40분,2712030,678008
2026-08-01 16:32:52,2박3일,PUS,2027-02-20,2027-02-22,Jin Air,13:30,15:35,2시간 5분,Air Busan,11:25,13:55,2시간 30분,2256518,564130
2026-08-01 16:32:52,3박4일,PUS,2027-02-21,2027-02-24,Jeju Air,07:10,09:15,2시간 5분,Air Busan,11:25,13:55,2시간 30분,2202657,550664
2026-08-01 23:37:44,3박4일,PUS,2027-01-25,2027-01-28,Air Busan,08:20,10:25,2시간 5분,Air Busan,11:25,13:55,2시간 30분,1586148,396537
2026-08-01 23:37:44,2박3일,PUS,2027-01-26,2027-01-28,Air Busan,08:20,10:25,2시간 5분,Air Busan,11:25,13:55,2시간 30분,1535748,383937
2026-08-01 23:37:44,3박4일,PUS,2027-01-26,2027-01-29,Air Busan,08:20,10:25,2시간 5분,Jeju Air,10:15,13:00,2시간 45분,1888067,472017
2026-08-01 23:37:44,2박3일,PUS,2027-01-27,2027-01-29,Jeju Air,07:10,09:15,2시간 5분,Jeju Air,10:15,13:00,2시간 45분,1855667,463917
2026-08-01 23:37:44,3박4일,PUS,2027-01-27,2027-01-30,Jeju Air,07:10,09:15,2시간 5분,Jeju Air,10:15,13:00,2시간 45분,1855667,463917
2026-08-01 23:37:44,2박3일,PUS,2027-01-28,2027-01-30,Jeju Air,07:10,09:15,2시간 5분,Jeju Air,10:15,13:00,2시간 45분,1975667,493917
2026-08-01 23:37:44,3박4일,PUS,2027-01-28,2027-01-31,Jeju Air,07:10,09:15,2시간 5분,Air Busan,11:25,13:55,2시간 30분,1843318,460830
2026-08-01 23:37:44,2박3일,PUS,2027-01-29,2027-01-31,Jeju Air,07:10,09:15,2시간 5분,Air Busan,11:25,13:55,2시간 30분,1919318,479830
2026-08-01 23:37:44,3박4일,PUS,2027-01-29,2027-02-01,Jeju Air,07:10,09:15,2시간 5분,Air Busan,11:25,13:55,2시간 30분,1882657,470664
2026-08-01 23:37:44,2박3일,PUS,2027-01-30,2027-02-01,Air Busan,08:20,10:25,2시간 5분,Air Busan,11:25,13:55,2시간 30분,1929457,482364
2026-08-01 23:37:44,3박4일,PUS,2027-01-30,2027-02-02,Air Busan,08:20,10:25,2시간 5분,Air Busan,11:25,13:55,2시간 30분,1746148,436537
2026-08-01 23:37:44,2박3일,PUS,2027-01-31,2027-02-02,Jeju Air,07:10,09:15,2시간 5분,Air Busan,11:25,13:55,2시간 30분,1639348,409837
2026-08-01 23:37:44,3박4일,PUS,2027-02-02,2027-02-05,Jeju Air,07:10,09:15,2시간 5분,Air Busan,11:25,13:55,2시간 30분,1540010,385002
2026-08-01 23:37:44,2박3일,PUS,2027-02-03,2027-02-05,Jeju Air,07:10,09:15,2시간 5분,Air Busan,11:25,13:55,2시간 30분,1540010,385002
2026-08-01 23:37:44,2박3일,PUS,2027-02-06,2027-02-08,Jeju Air,07:10,09:15,2시간 5분,Jeju Air,10:15,13:00,2시간 45분,3429630,857408
2026-08-01 23:37:44,3박4일,PUS,2027-02-07,2027-02-10,Jeju Air,07:10,09:15,2시간 5분,Jeju Air,14:05,16:45,2시간 40분,3145230,786308
2026-08-01 23:37:44,2박3일,PUS,2027-02-08,2027-02-10,Jeju Air,07:10,09:15,2시간 5분,Jeju Air,14:05,16:45,2시간 40분,2765230,691308
2026-08-01 23:37:44,3박4일,PUS,2027-02-08,2027-02-11,Jeju Air,07:10,09:15,2시간 5분,Korean Air,19:40,22:00,2시간 20분,2444073,611018
2026-08-01 23:37:44,2박3일,PUS,2027-02-13,2027-02-15,Jeju Air,07:10,09:15,2시간 5분,Air Busan,11:25,13:55,2시간 30분,2159318,539830
2026-08-01 23:37:44,3박4일,PUS,2027-02-13,2027-02-16,Jeju Air,07:10,09:15,2시간 5분,Air Busan,11:25,13:55,2시간 30분,1939348,484837
2026-08-01 23:37:44,2박3일,PUS,2027-02-15,2027-02-17,Jeju Air,07:10,09:15,2시간 5분,Air Busan,11:25,13:55,2시간 30분,2003348,500837
2026-08-01 23:37:44,3박4일,PUS,2027-02-17,2027-02-20,Air Busan,08:20,10:25,2시간 5분,Jeju Air,14:05,16:45,2시간 40분,2712030,678008
2026-08-01 23:37:44,2박3일,PUS,2027-02-18,2027-02-20,Air Busan,08:20,10:25,2시간 5분,Jeju Air,14:05,16:45,2시간 40분,2741630,685408
2026-08-01 23:37:44,3박4일,PUS,2027-02-18,2027-02-21,Air Busan,08:20,10:25,2시간 5분,Air Busan,11:25,13:55,2시간 30분,2092351,523088
2026-08-01 23:37:44,2박3일,PUS,2027-02-19,2027-02-21,Air Busan,08:20,10:25,2시간 5분,Air Busan,11:25,13:55,2시간 30분,2182751,545688
2026-08-01 23:37:44,3박4일,PUS,2027-02-21,2027-02-24,Jeju Air,07:10,09:15,2시간 5분,Air Busan,11:25,13:55,2시간 30분,2202657,550664
2026-08-02 08:45:37,3박4일,PUS,2027-01-25,2027-01-28,Air Busan,08:20,10:25,2시간 5분,Air Busan,11:25,13:55,2시간 30분,1586148,396537
2026-08-02 08:45:37,2박3일,PUS,2027-01-26,2027-01-28,Air Busan,08:20,10:25,2시간 5분,Air Busan,11:25,13:55,2시간 30분,1535748,383937
2026-08-02 08:45:37,3박4일,PUS,2027-01-26,2027-01-29,Air Busan,08:20,10:25,2시간 5분,Jeju Air,10:15,13:00,2시간 45분,1888067,472017
2026-08-02 08:45:37,2박3일,PUS,2027-01-27,2027-01-29,Jeju Air,07:10,09:15,2시간 5분,Jeju Air,10:15,13:00,2시간 45분,1855667,463917
2026-08-02 08:45:37,3박4일,PUS,2027-01-27,2027-01-30,Jeju Air,07:10,09:15,2시간 5분,Air Busan,11:25,13:55,2시간 30분,1576671,394168
2026-08-02 08:45:37,2박3일,PUS,2027-01-29,2027-01-31,Jeju Air,07:10,09:15,2시간 5분,Air Busan,11:25,13:55,2시간 30분,1919318,479830
2026-08-02 08:45:37,3박4일,PUS,2027-01-29,2027-02-01,Jeju Air,07:10,09:15,2시간 5분,Air Busan,11:25,13:55,2시간 30분,1882657,470664
2026-08-02 08:45:37,2박3일,PUS,2027-01-30,2027-02-01,Air Busan,08:20,10:25,2시간 5분,Air Busan,11:25,13:55,2시간 30분,1929457,482364
2026-08-02 08:45:37,3박4일,PUS,2027-02-04,2027-02-07,Air Busan,08:20,10:25,2시간 5분,Korean Air,12:45,15:05,2시간 20분,2517164,629291
2026-08-02 08:45:37,2박3일,PUS,2027-02-05,2027-02-07,Jeju Air,10:45,12:55,2시간 10분,Korean Air,12:45,15:05,2시간 20분,2925164,731291
2026-08-02 08:45:37,3박4일,PUS,2027-02-05,2027-02-08,Jeju Air,10:45,12:55,2시간 10분,Jeju Air,10:15,13:00,2시간 45분,3429630,857408
2026-08-02 08:45:37,2박3일,PUS,2027-02-06,2027-02-08,Jeju Air,07:10,09:15,2시간 5분,Jeju Air,10:15,13:00,2시간 45분,3429630,857408
2026-08-02 08:45:37,3박4일,PUS,2027-02-06,2027-02-09,Jeju Air,07:10,09:15,2시간 5분,Jeju Air,10:15,13:00,2시간 45분,3429630,857408
2026-08-02 08:45:37,3박4일,PUS,2027-02-08,2027-02-11,Jeju Air,07:10,09:15,2시간 5분,Korean Air,19:40,22:00,2시간 20분,2444073,611018
2026-08-02 08:45:37,2박3일,PUS,2027-02-09,2027-02-11,Jeju Air,07:10,09:15,2시간 5분,Korean Air,19:40,22:00,2시간 20분,2324073,581018
2026-08-02 08:45:37,3박4일,PUS,2027-02-09,2027-02-12,Jeju Air,07:10,09:15,2시간 5분,Air Busan,11:25,13:55,2시간 30분,1702657,425664
2026-08-02 08:45:37,2박3일,PUS,2027-02-11,2027-02-13,Jeju Air,07:10,09:15,2시간 5분,Air Busan,11:25,13:55,2시간 30분,1749333,437333
2026-08-02 08:45:37,2박3일,PUS,2027-02-14,2027-02-16,Jeju Air,10:45,12:55,2시간 10분,Air Busan,11:25,13:55,2시간 30분,2303748,575937
2026-08-02 08:45:37,3박4일,PUS,2027-02-14,2027-02-17,Jeju Air,10:45,12:55,2시간 10분,Air Busan,11:25,13:55,2시간 30분,2303748,575937
2026-08-02 08:45:37,2박3일,PUS,2027-02-16,2027-02-18,Air Busan,08:20,10:25,2시간 5분,Jeju Air,10:15,13:00,2시간 45분,1978795,494699
2026-08-02 08:45:37,3박4일,PUS,2027-02-16,2027-02-19,Air Busan,08:20,10:25,2시간 5분,Jeju Air,10:15,13:00,2시간 45분,2147439,536860
2026-08-02 08:45:37,2박3일,PUS,2027-02-17,2027-02-19,Air Busan,08:20,10:25,2시간 5분,Jeju Air,10:15,13:00,2시간 45분,2147439,536860
2026-08-02 08:45:37,3박4일,PUS,2027-02-17,2027-02-20,Air Busan,08:20,10:25,2시간 5분,Jeju Air,14:05,16:45,2시간 40분,2712030,678008
2026-08-02 08:45:37,2박3일,PUS,2027-02-18,2027-02-20,Air Busan,08:20,10:25,2시간 5분,Jeju Air,14:05,16:45,2시간 40분,2741630,685408
2026-08-02 08:45:37,3박4일,PUS,2027-02-18,2027-02-21,Air Busan,08:20,10:25,2시간 5분,Air Busan,11:25,13:55,2시간 30분,2092351,523088
2026-08-02 08:45:37,2박3일,PUS,2027-02-19,2027-02-21,Air Busan,08:20,10:25,2시간 5분,Air Busan,11:25,13:55,2시간 30분,2132351,533088
2026-08-02 08:45:37,3박4일,PUS,2027-02-19,2027-02-22,Air Busan,08:20,10:25,2시간 5분,Air Busan,11:25,13:55,2시간 30분,1875718,468930
2026-08-02 16:36:35,2박3일,PUS,2027-01-25,2027-01-27,Air Busan,08:20,10:25,2시간 5분,Air Busan,11:25,13:55,2시간 30분,1581935,395484
2026-08-02 16:36:35,3박4일,PUS,2027-01-25,2027-01-28,Air Busan,08:20,10:25,2시간 5분,Air Busan,11:25,13:55,2시간 30분,1581935,395484
2026-08-02 16:36:35,2박3일,PUS,2027-01-29,2027-01-31,Jeju Air,07:10,09:15,2시간 5분,Air Busan,11:25,13:55,2시간 30분,1914059,478515
2026-08-02 16:36:35,2박3일,PUS,2027-01-31,2027-02-02,Jeju Air,07:10,09:15,2시간 5분,Air Busan,11:25,13:55,2시간 30분,1635135,408784
2026-08-02 16:36:35,3박4일,PUS,2027-01-31,2027-02-03,Jeju Air,07:10,09:15,2시간 5분,Air Busan,11:25,13:55,2시간 30분,1635135,408784
2026-08-02 16:36:35,2박3일,PUS,2027-02-01,2027-02-03,Air Busan,08:20,10:25,2시간 5분,Air Busan,11:25,13:55,2시간 30분,1581935,395484
2026-08-02 16:36:35,3박4일,PUS,2027-02-01,2027-02-04,Air Busan,08:20,10:25,2시간 5분,Air Busan,11:25,13:55,2시간 30분,1581935,395484
2026-08-02 16:36:35,2박3일,PUS,2027-02-04,2027-02-06,Air Busan,08:20,10:25,2시간 5분,Korean Air,12:45,15:05,2시간 20분,2509995,627499
2026-08-02 16:36:35,3박4일,PUS,2027-02-04,2027-02-07,Air Busan,08:20,10:25,2시간 5분,Korean Air,12:45,15:05,2시간 20분,2509995,627499
2026-08-02 16:36:35,2박3일,PUS,2027-02-07,2027-02-09,Jeju Air,07:10,09:15,2시간 5분,Jeju Air,10:15,13:00,2시간 45분,3135661,783915
2026-08-02 16:36:35,3박4일,PUS,2027-02-08,2027-02-11,Jeju Air,07:10,09:15,2시간 5분,Korean Air,19:40,22:00,2시간 20분,2436032,609008
2026-08-02 16:36:35,2박3일,PUS,2027-02-10,2027-02-12,Air Busan,08:20,10:25,2시간 5분,Air Busan,11:25,13:55,2시간 30분,1673971,418493
2026-08-02 16:36:35,3박4일,PUS,2027-02-11,2027-02-14,Jeju Air,07:10,09:15,2시간 5분,Air Busan,11:25,13:55,2시간 30분,1854059,463515
2026-08-02 16:36:35,2박3일,PUS,2027-02-12,2027-02-14,Jeju Air,07:10,09:15,2시간 5분,Air Busan,11:25,13:55,2시간 30분,1914059,478515
2026-08-02 16:36:35,3박4일,PUS,2027-02-12,2027-02-15,Jeju Air,07:10,09:15,2시간 5분,Air Busan,11:25,13:55,2시간 30분,1914059,478515
2026-08-02 16:36:35,2박3일,PUS,2027-02-14,2027-02-16,Jeju Air,10:45,12:55,2시간 10분,Air Busan,11:25,13:55,2시간 30분,2299535,574884
2026-08-02 16:36:35,3박4일,PUS,2027-02-14,2027-02-17,Jeju Air,10:45,12:55,2시간 10분,Air Busan,11:25,13:55,2시간 30분,2299535,574884
2026-08-02 16:36:35,2박3일,PUS,2027-02-15,2027-02-17,Jeju Air,07:10,09:15,2시간 5분,Air Busan,11:25,13:55,2시간 30분,1999135,499784
2026-08-02 16:36:35,3박4일,PUS,2027-02-15,2027-02-18,Jeju Air,07:10,09:15,2시간 5분,Air Busan,11:25,13:55,2시간 30분,1999135,499784
2026-08-02 16:36:35,2박3일,PUS,2027-02-16,2027-02-18,Air Busan,08:20,10:25,2시간 5분,Air Busan,11:25,13:55,2시간 30분,1581935,395484
2026-08-02 16:36:35,3박4일,PUS,2027-02-16,2027-02-19,Air Busan,08:20,10:25,2시간 5분,Jeju Air,10:15,13:00,2시간 45분,2140556,535139
2026-08-02 16:36:35,2박3일,PUS,2027-02-17,2027-02-19,Air Busan,08:20,10:25,2시간 5분,Jeju Air,10:15,13:00,2시간 45분,2140556,535139
2026-08-02 16:36:35,3박4일,PUS,2027-02-17,2027-02-20,Air Busan,08:20,10:25,2시간 5분,Jeju Air,14:05,16:45,2시간 40분,2702461,675615
2026-08-02 16:36:35,2박3일,PUS,2027-02-18,2027-02-20,Air Busan,08:20,10:25,2시간 5분,Jeju Air,14:05,16:45,2시간 40분,2732061,683015
2026-08-02 16:36:35,3박4일,PUS,2027-02-21,2027-02-24,Jeju Air,07:10,09:15,2시간 5분,Air Busan,11:25,13:55,2시간 30분,2197571,549393
2026-08-02 23:40:23,3박4일,PUS,2027-01-27,2027-01-30,Jeju Air,07:10,09:15,2시간 5분,Air Busan,11:25,13:55,2시간 30분,1572124,393031
2026-08-02 23:40:23,3박4일,PUS,2027-01-29,2027-02-01,Jeju Air,07:10,09:15,2시간 5분,Air Busan,11:25,13:55,2시간 30분,1877588,469397
2026-08-02 23:40:23,3박4일,PUS,2027-02-02,2027-02-05,Jeju Air,07:10,09:15,2시간 5분,Air Busan,11:25,13:55,2시간 30분,1535636,383909
2026-08-02 23:40:23,2박3일,PUS,2027-02-03,2027-02-05,Jeju Air,07:10,09:15,2시간 5분,Air Busan,11:25,13:55,2시간 30분,1535636,383909
2026-08-02 23:40:23,3박4일,PUS,2027-02-05,2027-02-08,Jeju Air,10:45,12:55,2시간 10분,Jeju Air,10:15,13:00,2시간 45분,3420092,855023
2026-08-02 23:40:23,2박3일,PUS,2027-02-06,2027-02-08,Jeju Air,07:10,09:15,2시간 5분,Jeju Air,10:15,13:00,2시간 45분,3420092,855023
2026-08-02 23:40:23,3박4일,PUS,2027-02-06,2027-02-09,Jeju Air,07:10,09:15,2시간 5분,Jeju Air,10:15,13:00,2시간 45분,3420092,855023
2026-08-02 23:40:23,2박3일,PUS,2027-02-07,2027-02-09,Jeju Air,07:10,09:15,2시간 5분,Jeju Air,10:15,13:00,2시간 45분,3135692,783923
2026-08-02 23:40:23,3박4일,PUS,2027-02-09,2027-02-12,Jeju Air,07:10,09:15,2시간 5분,Air Busan,11:25,13:55,2시간 30분,1697588,424397
2026-08-02 23:40:23,3박4일,PUS,2027-02-12,2027-02-15,Jeju Air,07:10,09:15,2시간 5분,Air Busan,11:25,13:55,2시간 30분,1914076,478519
2026-08-02 23:40:23,2박3일,PUS,2027-02-13,2027-02-15,Jeju Air,07:10,09:15,2시간 5분,Air Busan,11:25,13:55,2시간 30분,2154076,538519
2026-08-02 23:40:23,3박4일,PUS,2027-02-13,2027-02-16,Jeju Air,07:10,09:15,2시간 5분,Air Busan,11:25,13:55,2시간 30분,1935148,483787
2026-08-02 23:40:23,2박3일,PUS,2027-02-14,2027-02-16,Jeju Air,10:45,12:55,2시간 10분,Air Busan,11:25,13:55,2시간 30분,2299548,574887
2026-08-02 23:40:23,3박4일,PUS,2027-02-17,2027-02-20,Air Busan,08:20,10:25,2시간 5분,Jeju Air,14:05,16:45,2시간 40분,2652092,663023
2026-08-02 23:40:23,2박3일,PUS,2027-02-18,2027-02-20,Air Busan,08:20,10:25,2시간 5분,Jeju Air,14:05,16:45,2시간 40분,2732092,683023
2026-08-02 23:40:23,3박4일,PUS,2027-02-18,2027-02-21,Air Busan,08:20,10:25,2시간 5분,Air Busan,11:25,13:55,2시간 30분,2085891,521473
2026-08-02 23:40:23,2박3일,PUS,2027-02-19,2027-02-21,Air Busan,08:20,10:25,2시간 5분,Air Busan,11:25,13:55,2시간 30분,2125891,531473
2026-08-02 23:40:23,3박4일,PUS,2027-02-20,2027-02-23,Jin Air,13:30,15:35,2시간 5분,Air Busan,11:25,13:55,2시간 30분,2214788,553697
2026-08-02 23:40:23,2박3일,PUS,2027-02-21,2027-02-23,Jeju Air,07:10,09:15,2시간 5분,Air Busan,11:25,13:55,2시간 30분,2197588,549397
2026-08-03 08:47:48,2박3일,PUS,2027-01-30,2027-02-01,Air Busan,08:20,10:25,2시간 5분,Air Busan,11:25,13:55,2시간 30분,1928805,482201
2026-08-03 08:47:48,2박3일,PUS,2027-02-01,2027-02-03,Air Busan,08:20,10:25,2시간 5분,Air Busan,11:25,13:55,2시간 30분,1585608,396402
2026-08-03 08:47:48,3박4일,PUS,2027-02-02,2027-02-05,Jeju Air,07:10,09:15,2시간 5분,Air Busan,11:25,13:55,2시간 30분,1539448,384862
2026-08-03 08:47:48,2박3일,PUS,2027-02-03,2027-02-05,Jeju Air,07:10,09:15,2시간 5분,Air Busan,11:25,13:55,2시간 30분,1539448,384862
2026-08-03 08:47:48,3박4일,PUS,2027-02-03,2027-02-06,Jeju Air,07:10,09:15,2시간 5분,Korean Air,12:45,15:05,2시간 20분,2123846,530962
2026-08-03 08:47:48,3박4일,PUS,2027-02-05,2027-02-08,Jeju Air,10:45,12:55,2시간 10분,Jeju Air,10:15,13:00,2시간 45분,3428404,857101
2026-08-03 08:47:48,2박3일,PUS,2027-02-06,2027-02-08,Jeju Air,07:10,09:15,2시간 5분,Jeju Air,10:15,13:00,2시간 45분,3428404,857101
2026-08-03 17:36:09,2박3일,PUS,2027-01-25,2027-01-27,Air Busan,08:20,10:25,2시간 5분,Air Busan,11:25,13:55,2시간 30분,1530668,382667
2026-08-03 17:36:09,3박4일,PUS,2027-01-25,2027-01-28,Air Busan,08:20,10:25,2시간 5분,Air Busan,11:25,13:55,2시간 30분,1530668,382667
2026-08-03 17:36:09,2박3일,PUS,2027-01-26,2027-01-28,Air Busan,08:20,10:25,2시간 5분,Air Busan,11:25,13:55,2시간 30분,1530668,382667
2026-08-03 17:36:09,3박4일,PUS,2027-01-26,2027-01-29,Air Busan,08:20,10:25,2시간 5분,Jeju Air,10:15,13:00,2시간 45분,1880967,470242
2026-08-03 17:36:09,2박3일,PUS,2027-01-31,2027-02-02,Jeju Air,07:10,09:15,2시간 5분,Air Busan,11:25,13:55,2시간 30분,1634268,408567
2026-08-03 17:36:09,3박4일,PUS,2027-02-01,2027-02-04,Air Busan,08:20,10:25,2시간 5분,Air Busan,11:25,13:55,2시간 30분,1530668,382667
2026-08-03 17:36:09,2박3일,PUS,2027-02-04,2027-02-06,Air Busan,08:20,10:25,2시간 5분,Korean Air,12:45,15:05,2시간 20분,2508521,627130
2026-08-03 17:36:09,3박4일,PUS,2027-02-04,2027-02-07,Air Busan,08:20,10:25,2시간 5분,Korean Air,12:45,15:05,2시간 20분,2508521,627130
2026-08-03 17:36:09,2박3일,PUS,2027-02-06,2027-02-08,Jeju Air,07:10,09:15,2시간 5분,Jeju Air,10:15,13:00,2시간 45분,3418093,854523
2026-08-03 17:36:09,3박4일,PUS,2027-02-06,2027-02-09,Jeju Air,07:10,09:15,2시간 5분,Jeju Air,10:15,13:00,2시간 45분,3418093,854523
2026-08-03 17:36:09,2박3일,PUS,2027-02-07,2027-02-09,Jeju Air,07:10,09:15,2시간 5분,Jeju Air,10:15,13:00,2시간 45분,3133693,783423
2026-08-03 17:36:09,3박4일,PUS,2027-02-07,2027-02-10,Jeju Air,07:10,09:15,2시간 5분,Jeju Air,14:05,16:45,2시간 40분,3133693,783423
2026-08-03 17:36:09,2박3일,PUS,2027-02-08,2027-02-10,Jeju Air,07:10,09:15,2시간 5분,Jeju Air,14:05,16:45,2시간 40분,2753693,688423
2026-08-03 17:36:09,3박4일,PUS,2027-02-08,2027-02-11,Jeju Air,07:10,09:15,2시간 5분,Korean Air,19:40,22:00,2시간 20분,2434378,608594
2026-08-03 17:36:09,2박3일,PUS,2027-02-11,2027-02-13,Jeju Air,07:10,09:15,2시간 5분,Air Busan,11:25,13:55,2시간 30분,1780074,445018
2026-08-03 17:36:09,3박4일,PUS,2027-02-14,2027-02-17,Jeju Air,10:45,12:55,2시간 10분,Air Busan,11:25,13:55,2시간 30분,2298668,574667
2026-08-03 17:36:09,2박3일,PUS,2027-02-16,2027-02-18,Air Busan,08:20,10:25,2시간 5분,Air Busan,11:25,13:55,2시간 30분,1581068,395267
2026-08-03 17:36:09,2박3일,PUS,2027-02-21,2027-02-23,Air Busan,08:20,10:25,2시간 5분,Air Busan,11:25,13:55,2시간 30분,1752926,438232
2026-08-03 17:36:09,3박4일,PUS,2027-02-21,2027-02-24,Air Busan,08:20,10:25,2시간 5분,Air Busan,11:25,13:55,2시간 30분,1752926,438232
2026-08-04 00:48:17,2박3일,PUS,2027-01-25,2027-01-27,Air Busan,08:20,10:25,2시간 5분,Air Busan,11:25,13:55,2시간 30분,1533138,383284
2026-08-04 00:48:17,3박4일,PUS,2027-01-26,2027-01-29,Air Busan,08:20,10:25,2시간 5분,Jeju Air,10:15,13:00,2시간 45분,1884419,471105
2026-08-04 00:48:17,2박3일,PUS,2027-01-29,2027-01-31,Jeju Air,07:10,09:15,2시간 5분,Air Busan,11:25,13:55,2시간 30분,1914860,478715
2026-08-04 00:48:17,3박4일,PUS,2027-01-29,2027-02-01,Jeju Air,07:10,09:15,2시간 5분,Air Busan,11:25,13:55,2시간 30분,1878307,469577
2026-08-04 00:48:17,2박3일,PUS,2027-01-30,2027-02-01,Air Busan,08:20,10:25,2시간 5분,Air Busan,11:25,13:55,2시간 30분,1926307,481577
2026-08-04 00:48:17,3박4일,PUS,2027-01-30,2027-02-02,Air Busan,08:20,10:25,2시간 5분,Air Busan,11:25,13:55,2시간 30분,1743538,435884
2026-08-04 00:48:17,2박3일,PUS,2027-01-31,2027-02-02,Jeju Air,07:10,09:15,2시간 5분,Air Busan,11:25,13:55,2시간 30분,1636738,409184
2026-08-04 00:48:17,3박4일,PUS,2027-01-31,2027-02-03,Jeju Air,07:10,09:15,2시간 5분,Air Busan,11:25,13:55,2시간 30분,1636738,409184
2026-08-04 00:48:17,2박3일,PUS,2027-02-05,2027-02-07,Jeju Air,10:45,12:55,2시간 10분,Korean Air,12:45,15:05,2시간 20분,2919524,729881
2026-08-04 00:48:17,3박4일,PUS,2027-02-09,2027-02-12,Jeju Air,07:10,09:15,2시간 5분,Air Busan,11:25,13:55,2시간 30분,1698307,424577
2026-08-04 00:48:17,2박3일,PUS,2027-02-10,2027-02-12,Air Busan,08:20,10:25,2시간 5분,Air Busan,11:25,13:55,2시간 30분,1675907,418977
2026-08-04 00:48:17,2박3일,PUS,2027-02-16,2027-02-18,Air Busan,08:20,10:25,2시간 5분,Air Busan,11:25,13:55,2시간 30분,1583538,395884
2026-08-04 00:48:17,2박3일,PUS,2027-02-18,2027-02-20,Air Busan,08:20,10:25,2시간 5분,Jeju Air,14:05,16:45,2시간 40분,2735703,683926
2026-08-04 00:48:17,3박4일,PUS,2027-02-18,2027-02-21,Air Busan,08:20,10:25,2시간 5분,Air Busan,11:25,13:55,2시간 30분,2088336,522084
2026-08-04 08:57:51,2박3일,PUS,2027-01-29,2027-01-31,Jeju Air,07:10,09:15,2시간 5분,Air Busan,11:25,13:55,2시간 30분,1908273,477068
2026-08-04 08:57:51,3박4일,PUS,2027-01-29,2027-02-01,Jeju Air,07:10,09:15,2시간 5분,Air Busan,11:25,13:55,2시간 30분,1871938,467984
2026-08-04 08:57:51,2박3일,PUS,2027-01-30,2027-02-01,Air Busan,08:20,10:25,2시간 5분,Air Busan,11:25,13:55,2시간 30분,1869538,467384
2026-08-04 08:57:51,3박4일,PUS,2027-01-31,2027-02-03,Jeju Air,07:10,09:15,2시간 5분,Air Busan,11:25,13:55,2시간 30분,1630261,407565
2026-08-04 08:57:51,2박3일,PUS,2027-02-04,2027-02-06,Air Busan,08:20,10:25,2시간 5분,Korean Air,12:45,15:05,2시간 20분,2503745,625936
2026-08-04 08:57:51,2박3일,PUS,2027-02-06,2027-02-08,Jeju Air,10:45,12:55,2시간 10분,Jeju Air,10:15,13:00,2시간 45분,3410518,852630
2026-08-04 08:57:51,3박4일,PUS,2027-02-06,2027-02-09,Jeju Air,10:45,12:55,2시간 10분,Jeju Air,10:15,13:00,2시간 45분,3410518,852630
2026-08-04 08:57:51,2박3일,PUS,2027-02-07,2027-02-09,Jeju Air,07:10,09:15,2시간 5분,Jeju Air,10:15,13:00,2시간 45분,3126118,781530
2026-08-04 08:57:51,3박4일,PUS,2027-02-07,2027-02-10,Jeju Air,07:10,09:15,2시간 5분,Jeju Air,14:05,16:45,2시간 40분,3126118,781530
2026-08-04 08:57:51,3박4일,PUS,2027-02-09,2027-02-12,Jeju Air,07:10,09:15,2시간 5분,Air Busan,11:25,13:55,2시간 30분,1691938,422984
2026-08-04 08:57:51,2박3일,PUS,2027-02-10,2027-02-12,Air Busan,08:20,10:25,2시간 5분,Air Busan,11:25,13:55,2시간 30분,1669538,417384
2026-08-04 08:57:51,3박4일,PUS,2027-02-11,2027-02-14,Air Busan,08:20,10:25,2시간 5분,Air Busan,11:25,13:55,2시간 30분,1825873,456468
2026-08-04 08:57:51,2박3일,PUS,2027-02-12,2027-02-14,Air Busan,08:20,10:25,2시간 5분,Air Busan,11:25,13:55,2시간 30분,1865873,466468
2026-08-04 08:57:51,3박4일,PUS,2027-02-12,2027-02-15,Air Busan,08:20,10:25,2시간 5분,Air Busan,11:25,13:55,2시간 30분,1865873,466468
2026-08-04 08:57:51,3박4일,PUS,2027-02-16,2027-02-19,Air Busan,08:20,10:25,2시간 5분,Jeju Air,10:15,13:00,2시간 45분,2084155,521039
2026-08-04 08:57:51,2박3일,PUS,2027-02-17,2027-02-19,Air Busan,08:20,10:25,2시간 5분,Jeju Air,10:15,13:00,2시간 45분,2084155,521039
2026-08-04 08:57:51,3박4일,PUS,2027-02-17,2027-02-20,Air Busan,08:20,10:25,2시간 5분,Jeju Air,14:05,16:45,2시간 40분,2643718,660930
2026-08-04 08:57:51,2박3일,PUS,2027-02-18,2027-02-20,Air Busan,08:20,10:25,2시간 5분,Jeju Air,14:05,16:45,2시간 40분,2723718,680930
2026-08-04 08:57:51,3박4일,PUS,2027-02-18,2027-02-21,Air Busan,08:20,10:25,2시간 5분,Air Busan,11:25,13:55,2시간 30분,2080220,520055
2026-08-04 08:57:51,2박3일,PUS,2027-02-19,2027-02-21,Air Busan,08:20,10:25,2시간 5분,Air Busan,11:25,13:55,2시간 30분,2120220,530055
2026-08-04 08:57:51,3박4일,PUS,2027-02-19,2027-02-22,Air Busan,08:20,10:25,2시간 5분,Air Busan,11:25,13:55,2시간 30분,1865873,466468
2026-08-04 16:44:27,2박3일,PUS,2027-01-25,2027-01-27,Air Busan,08:20,10:25,2시간 5분,Air Busan,11:25,13:55,2시간 30분,1527398,381850
2026-08-04 16:44:27,2박3일,PUS,2027-01-29,2027-01-31,Jeju Air,07:10,09:15,2시간 5분,Air Busan,11:25,13:55,2시간 30분,1907695,476924
2026-08-04 16:44:27,3박4일,PUS,2027-01-29,2027-02-01,Jeju Air,07:10,09:15,2시간 5분,Air Busan,11:25,13:55,2시간 30분,1871378,467844
2026-08-04 16:44:27,2박3일,PUS,2027-02-03,2027-02-05,Jeju Air,07:10,09:15,2시간 5분,Air Busan,11:25,13:55,2시간 30분,1566430,391608
2026-08-04 16:44:27,3박4일,PUS,2027-02-04,2027-02-07,Air Busan,08:20,10:25,2시간 5분,Korean Air,12:45,15:05,2시간 20분,2502956,625739
2026-08-04 16:44:27,2박3일,PUS,2027-02-06,2027-02-08,Jeju Air,10:45,12:55,2시간 10분,Jeju Air,10:15,13:00,2시간 45분,3409466,852366
2026-08-04 16:44:27,3박4일,PUS,2027-02-08,2027-02-11,Jeju Air,07:10,09:15,2시간 5분,Korean Air,19:40,22:00,2시간 20분,2426937,606734
2026-08-04 16:44:27,2박3일,PUS,2027-02-09,2027-02-11,Jeju Air,07:10,09:15,2시간 5분,Korean Air,19:40,22:00,2시간 20분,2306937,576734
2026-08-04 16:44:27,3박4일,PUS,2027-02-09,2027-02-12,Jeju Air,07:10,09:15,2시간 5분,Air Busan,11:25,13:55,2시간 30분,1691378,422844
2026-08-04 16:44:27,2박3일,PUS,2027-02-12,2027-02-14,Air Busan,08:20,10:25,2시간 5분,Air Busan,11:25,13:55,2시간 30분,1901611,475403
2026-08-04 16:44:27,3박4일,PUS,2027-02-12,2027-02-15,Air Busan,08:20,10:25,2시간 5분,Air Busan,11:25,13:55,2시간 30분,1865295,466324
2026-08-04 16:44:27,2박3일,PUS,2027-02-13,2027-02-15,Jeju Air,07:10,09:15,2시간 5분,Air Busan,11:25,13:55,2시간 30분,2147695,536924
2026-08-04 16:44:27,3박4일,PUS,2027-02-13,2027-02-16,Jeju Air,07:10,09:15,2시간 5분,Air Busan,11:25,13:55,2시간 30분,1929798,482450
2026-08-04 16:44:27,2박3일,PUS,2027-02-16,2027-02-18,Air Busan,08:20,10:25,2시간 5분,Air Busan,11:25,13:55,2시간 30분,1527398,381850
2026-08-04 16:44:27,3박4일,PUS,2027-02-16,2027-02-19,Air Busan,08:20,10:25,2시간 5분,Jeju Air,10:15,13:00,2시간 45분,2083398,520850
2026-08-04 16:44:27,2박3일,PUS,2027-02-17,2027-02-19,Air Busan,08:20,10:25,2시간 5분,Jeju Air,10:15,13:00,2시간 45분,2083398,520850
2026-08-04 16:44:27,3박4일,PUS,2027-02-17,2027-02-20,Air Busan,08:20,10:25,2시간 5분,Jeju Air,14:05,16:45,2시간 40분,2642666,660666
2026-08-04 16:44:27,2박3일,PUS,2027-02-18,2027-02-20,Air Busan,08:20,10:25,2시간 5분,Jeju Air,14:05,16:45,2시간 40분,2722666,680666
2026-08-04 16:44:27,3박4일,PUS,2027-02-18,2027-02-21,Air Busan,08:20,10:25,2시간 5분,Air Busan,11:25,13:55,2시간 30분,2079507,519877
2026-08-04 16:44:27,2박3일,PUS,2027-02-19,2027-02-21,Air Busan,08:20,10:25,2시간 5분,Air Busan,11:25,13:55,2시간 30분,2119507,529877
2026-08-04 16:44:27,2박3일,PUS,2027-02-21,2027-02-23,Air Busan,08:20,10:25,2시간 5분,Air Busan,11:25,13:55,2시간 30분,1748978,437244
2026-08-04 16:44:27,3박4일,PUS,2027-02-21,2027-02-24,Air Busan,08:20,10:25,2시간 5분,Air Busan,11:25,13:55,2시간 30분,1748978,437244
2026-08-05 00:29:18,3박4일,PUS,2027-01-25,2027-01-28,Air Busan,08:20,10:25,2시간 5분,Air Busan,11:25,13:55,2시간 30분,1525010,381252
2026-08-05 00:29:18,3박4일,PUS,2027-01-28,2027-01-31,Air Busan,08:20,10:25,2시간 5분,Air Busan,11:25,13:55,2시간 30분,1822314,455578
2026-08-05 00:29:18,2박3일,PUS,2027-01-30,2027-02-01,Air Busan,08:20,10:25,2시간 5분,Air Busan,11:25,13:55,2시간 30분,1866097,466524
2026-08-05 00:29:18,3박4일,PUS,2027-01-30,2027-02-02,Air Busan,08:20,10:25,2시간 5분,Air Busan,11:25,13:55,2시간 30분,1685010,421252
2026-08-05 00:29:18,2박3일,PUS,2027-02-01,2027-02-03,Air Busan,08:20,10:25,2시간 5분,Air Busan,11:25,13:55,2시간 30분,1525010,381252
2026-08-05 00:29:18,3박4일,PUS,2027-02-05,2027-02-08,Jeju Air,10:45,12:55,2시간 10분,Jeju Air,10:15,13:00,2시간 45분,3404044,851011
2026-08-05 00:29:18,3박4일,PUS,2027-02-07,2027-02-10,Jeju Air,07:10,09:15,2시간 5분,Jeju Air,14:05,16:45,2시간 40분,3119644,779911
2026-08-05 00:29:18,2박3일,PUS,2027-02-09,2027-02-11,Jeju Air,07:10,09:15,2시간 5분,Korean Air,19:40,22:00,2시간 20분,2302380,575595
2026-08-05 00:29:18,3박4일,PUS,2027-02-16,2027-02-19,Air Busan,08:20,10:25,2시간 5분,Jeju Air,10:15,13:00,2시간 45분,2079497,519874
2026-08-05 00:29:18,2박3일,PUS,2027-02-19,2027-02-21,Air Busan,08:20,10:25,2시간 5분,Air Busan,11:25,13:55,2시간 30분,2115835,528959
2026-08-05 00:29:18,3박4일,PUS,2027-02-21,2027-02-24,Air Busan,08:20,10:25,2시간 5분,Air Busan,11:25,13:55,2시간 30분,1746097,436524
2026-08-05 08:52:33,2박3일,PUS,2027-01-28,2027-01-30,Air Busan,08:20,10:25,2시간 5분,Air Busan,11:25,13:55,2시간 30분,1678245,419561
2026-08-05 08:52:33,2박3일,PUS,2027-02-03,2027-02-05,Jeju Air,07:10,09:15,2시간 5분,Air Busan,11:25,13:55,2시간 30분,1564245,391061
2026-08-05 08:52:33,3박4일,PUS,2027-02-03,2027-02-06,Jeju Air,07:10,09:15,2시간 5분,Korean Air,12:45,15:05,2시간 20분,2106150,526538
2026-08-05 08:52:33,3박4일,PUS,2027-02-08,2027-02-11,Jeju Air,07:10,09:15,2시간 5분,Korean Air,19:40,22:00,2시간 20분,2423390,605848
2026-08-05 08:52:33,2박3일,PUS,2027-02-09,2027-02-11,Jeju Air,07:10,09:15,2시간 5분,Korean Air,19:40,22:00,2시간 20분,2303390,575848
2026-08-05 08:52:33,2박3일,PUS,2027-02-11,2027-02-13,Air Busan,08:20,10:25,2시간 5분,Air Busan,11:25,13:55,2시간 30분,1750741,437685
2026-08-05 08:52:33,3박4일,PUS,2027-02-12,2027-02-15,Air Busan,08:20,10:25,2시간 5분,Air Busan,11:25,13:55,2시간 30분,1863236,465809
2026-08-05 08:52:33,2박3일,PUS,2027-02-16,2027-02-18,Air Busan,08:20,10:25,2시간 5분,Air Busan,11:25,13:55,2시간 30분,1525749,381437
2026-08-05 08:52:33,2박3일,PUS,2027-02-20,2027-02-22,Jin Air,13:30,15:35,2시간 5분,Air Busan,11:25,13:55,2시간 30분,2244036,561009
2026-08-05 08:52:33,3박4일,PUS,2027-02-20,2027-02-23,Jin Air,13:30,15:35,2시간 5분,Air Busan,11:25,13:55,2시간 30분,2207788,551947
2026-08-05 08:52:33,2박3일,PUS,2027-02-21,2027-02-23,Air Busan,08:20,10:25,2시간 5분,Air Busan,11:25,13:55,2시간 30분,1746988,436747
2026-08-05 08:52:33,3박4일,PUS,2027-02-21,2027-02-24,Air Busan,08:20,10:25,2시간 5분,Air Busan,11:25,13:55,2시간 30분,1746988,436747
2026-08-05 16:45:18,2박3일,PUS,2027-01-25,2027-01-27,Air Busan,08:20,10:25,2시간 5분,Air Busan,11:25,13:55,2시간 30분,1523796,380949
2026-08-05 16:45:18,3박4일,PUS,2027-01-28,2027-01-31,Air Busan,08:20,10:25,2시간 5분,Air Busan,11:25,13:55,2시간 30분,1784631,446158
2026-08-05 16:45:18,2박3일,PUS,2027-01-29,2027-01-31,Jeju Air,07:10,09:15,2시간 5분,Air Busan,11:25,13:55,2시간 30분,1866631,466658
2026-08-05 16:45:18,3박4일,PUS,2027-01-29,2027-02-01,Jeju Air,07:10,09:15,2시간 5분,Air Busan,11:25,13:55,2시간 30분,1866631,466658
2026-08-05 16:45:18,2박3일,PUS,2027-02-01,2027-02-03,Air Busan,08:20,10:25,2시간 5분,Air Busan,11:25,13:55,2시간 30분,1523796,380949
2026-08-05 16:45:18,3박4일,PUS,2027-02-01,2027-02-04,Air Busan,08:20,10:25,2시간 5분,Air Busan,11:25,13:55,2시간 30분,1523796,380949
2026-08-05 16:45:18,2박3일,PUS,2027-02-04,2027-02-06,Air Busan,08:20,10:25,2시간 5분,Korean Air,12:45,15:05,2시간 20분,2496827,624207
2026-08-05 16:45:18,3박4일,PUS,2027-02-07,2027-02-10,Jeju Air,07:10,09:15,2시간 5분,Jeju Air,10:15,13:00,2시간 45분,3116485,779121
2026-08-05 16:45:18,2박3일,PUS,2027-02-09,2027-02-11,Jeju Air,07:10,09:15,2시간 5분,Korean Air,19:40,22:00,2시간 20분,2299662,574916
2026-08-05 16:45:18,3박4일,PUS,2027-02-09,2027-02-12,Jeju Air,07:10,09:15,2시간 5분,Air Busan,11:25,13:55,2시간 30분,1686631,421658
2026-08-05 16:45:18,2박3일,PUS,2027-02-10,2027-02-12,Air Busan,08:20,10:25,2시간 5분,Air Busan,11:25,13:55,2시간 30분,1664631,416158
2026-08-05 16:45:18,3박4일,PUS,2027-02-10,2027-02-13,Air Busan,08:20,10:25,2시간 5분,Air Busan,11:25,13:55,2시간 30분,1628464,407116
2026-08-05 16:45:18,2박3일,PUS,2027-02-14,2027-02-16,Jeju Air,10:45,12:55,2시간 10분,Air Busan,11:25,13:55,2시간 30분,2290196,572549
2026-08-05 16:45:18,3박4일,PUS,2027-02-14,2027-02-17,Jeju Air,10:45,12:55,2시간 10분,Air Busan,11:25,13:55,2시간 30분,2290196,572549
2026-08-05 16:45:18,2박3일,PUS,2027-02-15,2027-02-17,Jeju Air,07:10,09:15,2시간 5분,Air Busan,11:25,13:55,2시간 30분,1989796,497449
2026-08-05 16:45:18,3박4일,PUS,2027-02-16,2027-02-19,Air Busan,08:20,10:25,2시간 5분,Jeju Air,10:15,13:00,2시간 45분,2077513,519378
2026-08-05 16:45:18,2박3일,PUS,2027-02-17,2027-02-19,Air Busan,08:20,10:25,2시간 5분,Jeju Air,10:15,13:00,2시간 45분,2077513,519378
2026-08-05 16:45:18,3박4일,PUS,2027-02-17,2027-02-20,Air Busan,08:20,10:25,2시간 5분,Jeju Air,10:15,13:00,2시간 45분,2634485,658621
2026-08-05 16:45:18,2박3일,PUS,2027-02-18,2027-02-20,Air Busan,08:20,10:25,2시간 5분,Jeju Air,10:15,13:00,2시간 45분,2714485,678621
2026-08-05 16:45:18,3박4일,PUS,2027-02-18,2027-02-21,Air Busan,08:20,10:25,2시간 5분,Air Busan,11:25,13:55,2시간 30분,2073967,518492
2026-08-05 16:45:18,2박3일,PUS,2027-02-19,2027-02-21,Air Busan,08:20,10:25,2시간 5분,Air Busan,11:25,13:55,2시간 30분,2113967,528492
2026-08-06 00:20:52,3박4일,PUS,2027-01-25,2027-01-28,Air Busan,08:20,10:25,2시간 5분,Air Busan,11:25,13:55,2시간 30분,1522918,380730
2026-08-06 00:20:52,2박3일,PUS,2027-01-26,2027-01-28,Air Busan,08:20,10:25,2시간 5분,Air Busan,11:25,13:55,2시간 30분,1522918,380730
2026-08-06 00:20:52,3박4일,PUS,2027-01-26,2027-01-29,Air Busan,08:20,10:25,2시간 5분,Jeju Air,10:15,13:00,2시간 45분,1870134,467534
2026-08-06 00:20:52,2박3일,PUS,2027-01-27,2027-01-29,Jeju Air,07:10,09:15,2시간 5분,Jeju Air,10:15,13:00,2시간 45분,1836134,459034
2026-08-06 00:20:52,3박4일,PUS,2027-01-27,2027-01-30,Jeju Air,07:10,09:15,2시간 5분,Air Busan,11:25,13:55,2시간 30분,1561179,390295
2026-08-06 00:20:52,2박3일,PUS,2027-01-28,2027-01-30,Air Busan,08:20,10:25,2시간 5분,Air Busan,11:25,13:55,2시간 30분,1675179,418795
2026-08-06 00:20:52,2박3일,PUS,2027-01-31,2027-02-02,Jeju Air,07:10,09:15,2시간 5분,Air Busan,11:25,13:55,2시간 30분,1624918,406230
2026-08-06 00:20:52,3박4일,PUS,2027-01-31,2027-02-03,Jeju Air,07:10,09:15,2시간 5분,Air Busan,11:25,13:55,2시간 30분,1624918,406230
2026-08-06 00:20:52,3박4일,PUS,2027-02-03,2027-02-06,Jeju Air,07:10,09:15,2시간 5분,Korean Air,12:45,15:05,2시간 20분,2101333,525333
2026-08-06 00:20:52,2박3일,PUS,2027-02-06,2027-02-08,Jeju Air,07:10,09:15,2시간 5분,Jeju Air,10:15,13:00,2시간 45분,3398891,849723
2026-08-06 00:20:52,3박4일,PUS,2027-02-07,2027-02-10,Jeju Air,07:10,09:15,2시간 5분,Jeju Air,10:15,13:00,2시간 45분,3114491,778623
2026-08-06 00:20:52,2박3일,PUS,2027-02-09,2027-02-11,Jeju Air,07:10,09:15,2시간 5분,Korean Air,19:40,22:00,2시간 20분,2297986,574496
2026-08-06 00:20:52,3박4일,PUS,2027-02-11,2027-02-14,Air Busan,08:20,10:25,2시간 5분,Air Busan,11:25,13:55,2시간 30분,1819702,454926
2026-08-06 00:20:52,2박3일,PUS,2027-02-12,2027-02-14,Air Busan,08:20,10:25,2시간 5분,Air Busan,11:25,13:55,2시간 30분,1859702,464926
2026-08-06 00:20:52,3박4일,PUS,2027-02-12,2027-02-15,Air Busan,08:20,10:25,2시간 5분,Air Busan,11:25,13:55,2시간 30분,1859702,464926
2026-08-06 00:20:52,2박3일,PUS,2027-02-13,2027-02-15,Jeju Air,07:10,09:15,2시간 5분,Air Busan,11:25,13:55,2시간 30분,2141702,535426
2026-08-06 00:20:52,3박4일,PUS,2027-02-18,2027-02-21,Air Busan,08:20,10:25,2시간 5분,Air Busan,11:25,13:55,2시간 30분,2072617,518154
2026-08-06 00:20:52,2박3일,PUS,2027-02-19,2027-02-21,Air Busan,08:20,10:25,2시간 5분,Air Busan,11:25,13:55,2시간 30분,2112617,528154
2026-08-06 00:20:52,3박4일,PUS,2027-02-19,2027-02-22,Air Busan,08:20,10:25,2시간 5분,Air Busan,11:25,13:55,2시간 30분,1859702,464926
2026-08-06 00:20:52,2박3일,PUS,2027-02-20,2027-02-22,Jin Air,13:30,15:35,2시간 5분,Air Busan,11:25,13:55,2시간 30분,2240502,560126
2026-08-06 00:20:52,3박4일,PUS,2027-02-20,2027-02-23,Jin Air,13:30,15:35,2시간 5분,Air Busan,11:25,13:55,2시간 30분,2204371,551093
2026-08-06 00:20:52,2박3일,PUS,2027-02-21,2027-02-23,Air Busan,08:20,10:25,2시간 5분,Air Busan,11:25,13:55,2시간 30분,1743571,435893
2026-08-06 08:45:19,2박3일,PUS,2027-01-25,2027-01-27,Air Busan,08:20,10:25,2시간 5분,Air Busan,11:25,13:55,2시간 30분,1521850,380462
2026-08-06 08:45:19,3박4일,PUS,2027-01-25,2027-01-28,Air Busan,08:20,10:25,2시간 5분,Air Busan,11:25,13:55,2시간 30분,1521850,380462
2026-08-06 08:45:19,3박4일,PUS,2027-01-27,2027-01-30,Jeju Air,07:10,09:15,2시간 5분,Air Busan,11:25,13:55,2시간 30분,1560023,390006
2026-08-06 08:45:19,2박3일,PUS,2027-01-28,2027-01-30,Air Busan,08:20,10:25,2시간 5분,Air Busan,11:25,13:55,2시간 30분,1674023,418506
2026-08-06 08:45:19,3박4일,PUS,2027-01-30,2027-02-02,Air Busan,08:20,10:25,2시간 5분,Air Busan,11:25,13:55,2시간 30분,1681850,420462
2026-08-06 08:45:19,2박3일,PUS,2027-01-31,2027-02-02,Jeju Air,07:10,09:15,2시간 5분,Air Busan,11:25,13:55,2시간 30분,1623850,405962
2026-08-06 08:45:19,3박4일,PUS,2027-01-31,2027-02-03,Jeju Air,07:10,09:15,2시간 5분,Air Busan,11:25,13:55,2시간 30분,1623850,405962
2026-08-06 08:45:19,3박4일,PUS,2027-02-02,2027-02-05,Jeju Air,07:10,09:15,2시간 5분,Air Busan,11:25,13:55,2시간 30분,1560023,390006
2026-08-06 08:45:19,2박3일,PUS,2027-02-11,2027-02-13,Air Busan,08:20,10:25,2시간 5분,Air Busan,11:25,13:55,2시간 30분,1746196,436549
2026-08-06 08:45:19,3박4일,PUS,2027-02-13,2027-02-16,Jeju Air,07:10,09:15,2시간 5분,Air Busan,11:25,13:55,2시간 30분,1923850,480962
2026-08-06 08:45:19,2박3일,PUS,2027-02-14,2027-02-16,Jeju Air,10:45,12:55,2시간 10분,Air Busan,11:25,13:55,2시간 30분,2288250,572062
2026-08-06 08:45:19,3박4일,PUS,2027-02-15,2027-02-18,Jeju Air,07:10,09:15,2시간 5분,Air Busan,11:25,13:55,2시간 30분,1987850,496962
2026-08-06 08:45:19,2박3일,PUS,2027-02-18,2027-02-20,Air Busan,08:20,10:25,2시간 5분,Jeju Air,10:15,13:00,2시간 45분,2710067,677517
2026-08-06 08:45:19,3박4일,PUS,2027-02-18,2027-02-21,Air Busan,08:20,10:25,2시간 5분,Air Busan,11:25,13:55,2시간 30분,2070975,517744
2026-08-06 08:45:19,2박3일,PUS,2027-02-20,2027-02-22,Jin Air,13:30,15:35,2시간 5분,Air Busan,11:25,13:55,2시간 30분,2239169,559792
2026-08-06 08:45:19,3박4일,PUS,2027-02-20,2027-02-23,Jin Air,13:30,15:35,2시간 5분,Air Busan,11:25,13:55,2시간 30분,2203083,550771
2026-08-06 08:45:19,2박3일,PUS,2027-02-21,2027-02-23,Air Busan,08:20,10:25,2시간 5분,Air Busan,11:25,13:55,2시간 30분,1742283,435571
2026-08-06 08:45:19,3박4일,PUS,2027-02-21,2027-02-24,Air Busan,08:20,10:25,2시간 5분,Air Busan,11:25,13:55,2시간 30분,1742283,435571
2026-08-06 16:44:43,2박3일,PUS,2027-01-26,2027-01-28,Air Busan,08:20,10:25,2시간 5분,Air Busan,11:25,13:55,2시간 30분,1522532,380633
2026-08-06 16:44:43,3박4일,PUS,2027-01-26,2027-01-29,Air Busan,08:20,10:25,2시간 5분,Jeju Air,10:15,13:00,2시간 45분,1869595,467399
2026-08-06 16:44:43,2박3일,PUS,2027-01-29,2027-01-31,Jeju Air,07:10,09:15,2시간 5분,Air Busan,11:25,13:55,2시간 30분,1865106,466276
2026-08-06 16:44:43,3박4일,PUS,2027-01-30,2027-02-02,Air Busan,08:20,10:25,2시간 5분,Air Busan,11:25,13:55,2시간 30분,1682532,420633
2026-08-06 16:44:43,2박3일,PUS,2027-01-31,2027-02-02,Jeju Air,07:10,09:15,2시간 5분,Air Busan,11:25,13:55,2시간 30분,1624532,406133
2026-08-06 16:44:43,3박4일,PUS,2027-02-01,2027-02-04,Air Busan,08:20,10:25,2시간 5분,Air Busan,11:25,13:55,2시간 30분,1522532,380633
2026-08-06 16:44:43,2박3일,PUS,2027-02-02,2027-02-04,Jeju Air,07:10,09:15,2시간 5분,Air Busan,11:25,13:55,2시간 30분,1488532,372133
2026-08-06 16:44:43,2박3일,PUS,2027-02-04,2027-02-06,Air Busan,08:20,10:25,2시간 5분,Korean Air,12:45,15:05,2시간 20분,2494677,623669
2026-08-06 16:44:43,3박4일,PUS,2027-02-04,2027-02-07,Air Busan,08:20,10:25,2시간 5분,Korean Air,12:45,15:05,2시간 20분,2494677,623669
2026-08-06 16:44:43,2박3일,PUS,2027-02-05,2027-02-07,Jeju Air,10:45,12:55,2시간 10분,Korean Air,12:45,15:05,2시간 20분,2901077,725269
2026-08-06 16:44:43,3박4일,PUS,2027-02-06,2027-02-09,Jeju Air,07:10,09:15,2시간 5분,Jeju Air,10:15,13:00,2시간 45분,3398016,849504
2026-08-06 16:44:43,2박3일,PUS,2027-02-07,2027-02-09,Jeju Air,07:10,09:15,2시간 5분,Jeju Air,10:15,13:00,2시간 45분,3113616,778404
2026-08-06 16:44:43,3박4일,PUS,2027-02-07,2027-02-10,Jeju Air,07:10,09:15,2시간 5분,Jeju Air,14:05,16:45,2시간 40분,3113616,778404
2026-08-06 16:44:43,2박3일,PUS,2027-02-09,2027-02-11,Jeju Air,07:10,09:15,2시간 5분,Korean Air,19:40,22:00,2시간 20분,2297251,574313
2026-08-06 16:44:43,3박4일,PUS,2027-02-09,2027-02-12,Jeju Air,07:10,09:15,2시간 5분,Air Busan,11:25,13:55,2시간 30분,1685106,421276
2026-08-06 16:44:43,2박3일,PUS,2027-02-10,2027-02-12,Air Busan,08:20,10:25,2시간 5분,Air Busan,11:25,13:55,2시간 30분,1663106,415776
2026-08-06 16:44:43,3박4일,PUS,2027-02-10,2027-02-13,Air Busan,08:20,10:25,2시간 5분,Air Busan,11:25,13:55,2시간 30분,1626991,406748
2026-08-06 16:44:43,2박3일,PUS,2027-02-11,2027-02-13,Air Busan,08:20,10:25,2시간 5분,Air Busan,11:25,13:55,2시간 30분,1746991,436748
2026-08-06 16:44:43,3박4일,PUS,2027-02-11,2027-02-14,Air Busan,08:20,10:25,2시간 5분,Air Busan,11:25,13:55,2시간 30분,1819221,454805
2026-08-06 16:44:43,2박3일,PUS,2027-02-12,2027-02-14,Air Busan,08:20,10:25,2시간 5분,Air Busan,11:25,13:55,2시간 30분,1859221,464805
2026-08-06 16:44:43,3박4일,PUS,2027-02-12,2027-02-15,Air Busan,08:20,10:25,2시간 5분,Air Busan,11:25,13:55,2시간 30분,1859221,464805
2026-08-06 16:44:43,2박3일,PUS,2027-02-13,2027-02-15,Jeju Air,07:10,09:15,2시간 5분,Air Busan,11:25,13:55,2시간 30분,2141221,535305
2026-08-06 16:44:43,2박3일,PUS,2027-02-15,2027-02-17,Jeju Air,07:10,09:15,2시간 5분,Air Busan,11:25,13:55,2시간 30분,1988532,497133
2026-08-06 16:44:43,3박4일,PUS,2027-02-15,2027-02-18,Jeju Air,07:10,09:15,2시간 5분,Air Busan,11:25,13:55,2시간 30분,1988532,497133
2026-08-06 16:44:43,2박3일,PUS,2027-02-16,2027-02-18,Air Busan,08:20,10:25,2시간 5분,Air Busan,11:25,13:55,2시간 30분,1522532,380633
2026-08-06 16:44:43,3박4일,PUS,2027-02-16,2027-02-19,Air Busan,08:20,10:25,2시간 5분,Jeju Air,10:15,13:00,2시간 45분,2075449,518862
2026-08-06 16:44:43,2박3일,PUS,2027-02-17,2027-02-19,Air Busan,08:20,10:25,2시간 5분,Jeju Air,10:15,13:00,2시간 45분,2075449,518862
2026-08-06 16:44:43,3박4일,PUS,2027-02-17,2027-02-20,Air Busan,08:20,10:25,2시간 5분,Jeju Air,14:05,16:45,2시간 40분,2631616,657904
2026-08-06 16:44:43,2박3일,PUS,2027-02-18,2027-02-20,Air Busan,08:20,10:25,2시간 5분,Jeju Air,14:05,16:45,2시간 40분,2711616,677904
2026-08-06 16:44:43,3박4일,PUS,2027-02-18,2027-02-21,Air Busan,08:20,10:25,2시간 5분,Air Busan,11:25,13:55,2시간 30분,2072024,518006
2026-08-06 16:44:43,2박3일,PUS,2027-02-19,2027-02-21,Air Busan,08:20,10:25,2시간 5분,Air Busan,11:25,13:55,2시간 30분,2112024,528006
2026-08-06 16:44:43,3박4일,PUS,2027-02-21,2027-02-24,Air Busan,08:20,10:25,2시간 5분,Air Busan,11:25,13:55,2시간 30분,1743106,435776
2026-08-07 10:39:30,3박4일,PUS,2027-01-27,2027-01-30,Jeju Air,07:10,09:15,2시간 5분,Air Busan,11:25,13:55,2시간 30분,1553780,388445
2026-08-07 10:39:30,2박3일,PUS,2027-01-29,2027-01-31,Jeju Air,07:10,09:15,2시간 5분,Air Busan,11:25,13:55,2시간 30분,1857369,464342
2026-08-07 10:39:30,3박4일,PUS,2027-01-29,2027-02-01,Jeju Air,07:10,09:15,2시간 5분,Air Busan,11:25,13:55,2시간 30분,1857369,464342
2026-08-07 10:39:30,2박3일,PUS,2027-01-31,2027-02-02,Jeju Air,07:10,09:15,2시간 5분,Air Busan,11:25,13:55,2시간 30분,1618054,404514
2026-08-07 10:39:30,3박4일,PUS,2027-02-01,2027-02-04,Air Busan,08:20,10:25,2시간 5분,Air Busan,11:25,13:55,2시간 30분,1516454,379114
2026-08-07 10:39:30,2박3일,PUS,2027-02-07,2027-02-09,Jeju Air,07:10,09:15,2시간 5분,Jeju Air,10:15,13:00,2시간 45분,3099411,774853
2026-08-07 10:39:30,3박4일,PUS,2027-02-09,2027-02-12,Jeju Air,07:10,09:15,2시간 5분,Air Busan,11:25,13:55,2시간 30분,1677369,419342
2026-08-07 10:39:30,2박3일,PUS,2027-02-10,2027-02-12,Air Busan,08:20,10:25,2시간 5분,Air Busan,11:25,13:55,2시간 30분,1655769,413942
2026-08-07 10:39:30,3박4일,PUS,2027-02-11,2027-02-14,Air Busan,08:20,10:25,2시간 5분,Air Busan,11:25,13:55,2시간 30분,1811633,452908
2026-08-07 10:39:30,2박3일,PUS,2027-02-12,2027-02-14,Air Busan,08:20,10:25,2시간 5분,Air Busan,11:25,13:55,2시간 30분,1851633,462908
2026-08-07 10:39:30,3박4일,PUS,2027-02-13,2027-02-16,Jeju Air,07:10,09:15,2시간 5분,Air Busan,11:25,13:55,2시간 30분,1918054,479514
2026-08-07 10:39:30,2박3일,PUS,2027-02-14,2027-02-16,Jeju Air,10:45,12:55,2시간 10분,Air Busan,11:25,13:55,2시간 30분,2282454,570614
2026-08-07 10:39:30,3박4일,PUS,2027-02-16,2027-02-19,Air Busan,08:20,10:25,2시간 5분,Jeju Air,10:15,13:00,2시간 45분,2065518,516380
2026-08-07 10:39:30,3박4일,PUS,2027-02-20,2027-02-23,Jin Air,13:30,15:35,2시간 5분,Air Busan,11:25,13:55,2시간 30분,2195769,548942
2026-08-07 10:39:30,2박3일,PUS,2027-02-21,2027-02-23,Air Busan,08:20,10:25,2시간 5분,Air Busan,11:25,13:55,2시간 30분,1735769,433942
2026-08-07 10:39:30,3박4일,PUS,2027-02-21,2027-02-24,Air Busan,08:20,10:25,2시간 5분,Air Busan,11:25,13:55,2시간 30분,1735769,433942
2026-08-07 15:12:03,2박3일,PUS,2027-01-25,2027-01-27,Air Busan,08:20,10:25,2시간 5분,Air Busan,11:25,13:55,2시간 30분,1515626,378906
2026-08-07 15:12:03,3박4일,PUS,2027-01-25,2027-01-28,Air Busan,08:20,10:25,2시간 5분,Air Busan,11:25,13:55,2시간 30분,1515626,378906
2026-08-07 15:12:03,3박4일,PUS,2027-01-29,2027-02-01,Jeju Air,07:10,09:15,2시간 5분,Air Busan,11:25,13:55,2시간 30분,1856370,464092
2026-08-07 15:12:03,2박3일,PUS,2027-01-31,2027-02-02,Jeju Air,07:10,09:15,2시간 5분,Air Busan,11:25,13:55,2시간 30분,1617226,404306
2026-08-07 15:12:03,3박4일,PUS,2027-01-31,2027-02-03,Jeju Air,07:10,09:15,2시간 5분,Air Busan,11:25,13:55,2시간 30분,1617226,404306
2026-08-07 15:12:03,2박3일,PUS,2027-02-01,2027-02-03,Air Busan,08:20,10:25,2시간 5분,Air Busan,11:25,13:55,2시간 30분,1515626,378906
2026-08-07 15:12:03,3박4일,PUS,2027-02-02,2027-02-05,Jeju Air,07:10,09:15,2시간 5분,Air Busan,11:25,13:55,2시간 30분,1552884,388221
2026-08-07 15:12:03,2박3일,PUS,2027-02-03,2027-02-05,Jeju Air,07:10,09:15,2시간 5분,Air Busan,11:25,13:55,2시간 30분,1552884,388221
2026-08-07 15:12:03,3박4일,PUS,2027-02-03,2027-02-06,Jeju Air,07:10,09:15,2시간 5분,Korean Air,12:45,15:05,2시간 20분,2196012,549003
2026-08-07 15:12:03,2박3일,PUS,2027-02-05,2027-02-07,Jeju Air,10:45,12:55,2시간 10분,Korean Air,12:45,15:05,2시간 20분,2888925,722231
2026-08-07 15:12:03,2박3일,PUS,2027-02-07,2027-02-09,Jeju Air,07:10,09:15,2시간 5분,Jeju Air,10:15,13:00,2시간 45분,3097531,774383
2026-08-07 15:12:03,3박4일,PUS,2027-02-07,2027-02-10,Jeju Air,07:10,09:15,2시간 5분,Jeju Air,14:05,16:45,2시간 40분,3097531,774383
2026-08-07 15:12:03,3박4일,PUS,2027-02-09,2027-02-12,Jeju Air,07:10,09:15,2시간 5분,Air Busan,11:25,13:55,2시간 30분,1676370,419092
2026-08-07 15:12:03,2박3일,PUS,2027-02-10,2027-02-12,Air Busan,08:20,10:25,2시간 5분,Air Busan,11:25,13:55,2시간 30분,1654770,413692
2026-08-07 15:12:03,2박3일,PUS,2027-02-12,2027-02-14,Air Busan,08:20,10:25,2시간 5분,Air Busan,11:25,13:55,2시간 30분,1850599,462650
